dataset_id,method_id,source_group,accuracy,balanced_accuracy,macro_f1,mcc
GDS2771,pyrrm_knn5,pyrrm_relational_knn,0.6506315789473684,0.6436767676767677,0.6381281137096253,0.3003893014234579
GDS2771,py_reos,python_gene_pair,0.641078947368421,0.6333181818181819,0.6234336370411817,0.2855844743554554
GDS2771,py_reos_svm,python_gene_pair,0.6922894736842105,0.6889949494949495,0.6860416335392072,0.3877979544177397
GDS2771,py_tsp,python_gene_pair,0.6194736842105263,0.6189090909090909,0.6111611428953332,0.2466742379200594
GDS2771,py_tsp_rf,python_gene_pair,0.6918421052631579,0.6831565656565657,0.6754735761800306,0.3932984980245214
GDS2771,py_tsp_svm,python_gene_pair,0.6922894736842105,0.6889949494949495,0.6860416335392072,0.3877979544177397
GDS2771,glmnet_enet,r_classical_reference,0.717684210526316,0.712888888888889,0.709003314717469,0.441135505411472
GDS2771,knn_euclidean,r_classical_reference,0.708842105263158,0.701863636363636,0.698156345844023,0.423927574073876
GDS2771,majority,r_classical_reference,0.531052631578947,0.5,0.346829810901001,0.0
GDS2771,ranger_rf,r_classical_reference,0.744815789473684,0.736717171717172,0.733488453563208,0.502513470508429
GDS2771,rpart_tree,r_classical_reference,0.620131578947369,0.617353535353535,0.609184916454674,0.243158771017549
GDS2771,svm_linear,r_classical_reference,0.712526315789474,0.712176767676768,0.708323207832933,0.433355424226049
GDS2771,xgboost_shallow,r_classical_reference,0.689947368421053,0.682843434343434,0.678436456360205,0.383857633382526
GDS2771,rrf_ranktreeensemble,r_relational,0.574605263157895,0.579116161616162,0.54307010863524,0.181921234896623
GDS2771,switchbox_ktsp,r_relational,0.661184210526316,0.658257575757576,0.651487011994153,0.329744655746764
GDS2771,switchbox_tsp,r_relational,0.613973684210526,0.609131313131313,0.598140923658584,0.234160941907222
GDS2771,tspdt_bigtsp,r_relational,0.664684210526316,0.662924242424242,0.658688801310638,0.334502660506888
GSE10072,pyrrm_knn5,pyrrm_relational_knn,0.9693030303030304,0.96875,0.9686847041847042,0.9420233969991838
GSE10072,py_reos,python_gene_pair,0.9682121212121212,0.9674166666666668,0.9674644244644244,0.9403535303923288
GSE10072,py_reos_svm,python_gene_pair,0.9603535353535354,0.9599166666666668,0.9594025974025976,0.9269009792881387
GSE10072,py_tsp,python_gene_pair,0.938969696969697,0.93925,0.9378050838050838,0.8877940614406381
GSE10072,py_tsp_rf,python_gene_pair,0.9705353535353536,0.9695833333333332,0.9697499444999446,0.9450089859290126
GSE10072,py_tsp_svm,python_gene_pair,0.9613535353535352,0.9610833333333332,0.9605428737928736,0.9284079406650468
GSE10072,glmnet_enet,r_classical_reference,0.97830303030303,0.97675,0.97749777999778,0.95958304760349
GSE10072,knn_euclidean,r_classical_reference,0.981525252525253,0.97975,0.980730103230103,0.965418081794212
GSE10072,majority,r_classical_reference,0.541919191919192,0.5,0.351400560224089,0.0
GSE10072,ranger_rf,r_classical_reference,0.982434343434343,0.980916666666667,0.981701354201354,0.967189841703329
GSE10072,rpart_tree,r_classical_reference,0.939353535353535,0.93875,0.937846764346764,0.887232002264246
GSE10072,svm_linear,r_classical_reference,0.976575757575758,0.975083333333333,0.975665584415584,0.95651216568127
GSE10072,xgboost_shallow,r_classical_reference,0.952969696969697,0.9515,0.951531107781108,0.911700103865421
GSE10072,rrf_ranktreeensemble,r_relational,0.581131313131313,0.571666666666667,0.527547166069225,0.141367648680614
GSE10072,switchbox_ktsp,r_relational,0.971141414141414,0.970083333333333,0.970403790653791,0.945166625792688
GSE10072,switchbox_tsp,r_relational,0.962262626262626,0.96175,0.961306804306804,0.929714641394636
GSE10072,tspdt_bigtsp,r_relational,0.934020202020202,0.934583333333333,0.933032772782773,0.87653578175567
GSE17920,pyrrm_knn5,pyrrm_relational_knn,0.6593223443223444,0.5215,0.500921575717174,0.0531560751442722
GSE17920,py_reos,python_gene_pair,0.5373168498168499,0.5513888888888888,0.5116865061752832,0.0972205276612091
GSE17920,py_reos_svm,python_gene_pair,0.6864194139194139,0.5915,0.5806477132146806,0.1944632582484542
GSE17920,py_tsp,python_gene_pair,0.5987454212454213,0.5908333333333333,0.5591750702427947,0.1726088352898871
GSE17920,py_tsp_rf,python_gene_pair,0.7132326007326008,0.5698055555555556,0.5512903408641732,0.1832075098468971
GSE17920,py_tsp_svm,python_gene_pair,0.6864194139194139,0.5915,0.5806477132146806,0.1944632582484542
GSE17920,glmnet_enet,r_classical_reference,0.720796703296703,0.556638888888889,0.519945223585586,0.156720066760618
GSE17920,knn_euclidean,r_classical_reference,0.68253663003663,0.550444444444445,0.532014780664364,0.122407792148532
GSE17920,majority,r_classical_reference,0.708241758241758,0.5,0.414502164502165,0.0
GSE17920,ranger_rf,r_classical_reference,0.80032967032967,0.673083333333333,0.680808658183473,0.457513548286342
GSE17920,rpart_tree,r_classical_reference,0.732417582417582,0.662944444444445,0.659716582689308,0.35303541799644
GSE17920,svm_linear,r_classical_reference,0.618461538461538,0.558722222222222,0.545531416553863,0.115098571378112
GSE17920,xgboost_shallow,r_classical_reference,0.784331501831502,0.650361111111111,0.65413286675186,0.410104936076841
GSE17920,rrf_ranktreeensemble,r_relational,0.649441391941392,0.612805555555556,0.592208853367135,0.222701243716518
GSE17920,switchbox_ktsp,r_relational,0.527884615384615,0.504583333333333,0.480516459326259,0.0096848751925423
GSE17920,switchbox_tsp,r_relational,0.566163003663004,0.557666666666667,0.525036981637214,0.107921346883867
GSE17920,tspdt_bigtsp,r_relational,0.636959706959707,0.553,0.544010866896299,0.115638496654635
GSE19804,pyrrm_knn5,pyrrm_relational_knn,0.9558333333333332,0.9558333333333334,0.9554748584748584,0.9172536110184808
GSE19804,py_reos,python_gene_pair,0.9425,0.9425,0.9416823176823176,0.8927963863354705
GSE19804,py_reos_svm,python_gene_pair,0.9366666666666668,0.9366666666666668,0.9358081918081916,0.881389779939498
GSE19804,py_tsp,python_gene_pair,0.9166666666666669,0.9166666666666669,0.9157752247752248,0.8414401701843047
GSE19804,py_tsp_rf,python_gene_pair,0.9366666666666668,0.9366666666666668,0.9358558108558108,0.8815527830212679
GSE19804,py_tsp_svm,python_gene_pair,0.9208333333333332,0.9208333333333334,0.9196843156843156,0.8512414971783082
GSE19804,glmnet_enet,r_classical_reference,0.953333333333333,0.953333333333333,0.952675990675991,0.913462626151654
GSE19804,knn_euclidean,r_classical_reference,0.946666666666667,0.946666666666667,0.946315018315018,0.898492234697159
GSE19804,majority,r_classical_reference,0.5,0.5,0.333333333333333,0.0
GSE19804,ranger_rf,r_classical_reference,0.9525,0.9525,0.952082251082251,0.910944061811433
GSE19804,rpart_tree,r_classical_reference,0.921666666666667,0.921666666666667,0.920798534798535,0.85238584389592
GSE19804,svm_linear,r_classical_reference,0.9175,0.9175,0.916120324120324,0.845934337084104
GSE19804,xgboost_shallow,r_classical_reference,0.9425,0.9425,0.941964701964702,0.891592967579286
GSE19804,rrf_ranktreeensemble,r_relational,0.898333333333333,0.898333333333333,0.894867989853284,0.813939330443826
GSE19804,switchbox_ktsp,r_relational,0.9375,0.9375,0.936755244755245,0.883001693467296
GSE19804,switchbox_tsp,r_relational,0.945833333333333,0.945833333333333,0.945343656343656,0.897379289685721
GSE19804,tspdt_bigtsp,r_relational,0.908333333333333,0.908333333333333,0.907114885114885,0.828075740315272
GSE25837,pyrrm_knn5,pyrrm_relational_knn,0.6794444444444444,0.4664285714285714,0.4288510019392372,-0.0847878512592775
GSE25837,py_reos,python_gene_pair,0.3898888888888889,0.4160714285714285,0.3599291819291819,-0.1520954722042105
GSE25837,py_reos_svm,python_gene_pair,0.5982222222222222,0.4541666666666666,0.4437102366587661,-0.0885704421151399
GSE25837,py_tsp,python_gene_pair,0.4077777777777778,0.3995238095238095,0.3553944943944943,-0.1865052700385659
GSE25837,py_tsp_rf,python_gene_pair,0.7245555555555555,0.4835714285714285,0.4254270631329454,-0.0405176001959717
GSE25837,py_tsp_svm,python_gene_pair,0.5982222222222222,0.4541666666666666,0.4437102366587661,-0.0885704421151399
GSE25837,glmnet_enet,r_classical_reference,0.754444444444445,0.5,0.429779411764706,0.0
GSE25837,knn_euclidean,r_classical_reference,0.651222222222222,0.465714285714286,0.443338127558716,-0.0681226543116948
GSE25837,majority,r_classical_reference,0.754444444444445,0.5,0.429779411764706,0.0
GSE25837,ranger_rf,r_classical_reference,0.744777777777778,0.498095238095238,0.435316176470588,-0.0055267872023126
GSE25837,rpart_tree,r_classical_reference,0.574555555555556,0.428809523809524,0.409655942097119,-0.149179878899059
GSE25837,svm_linear,r_classical_reference,0.648888888888889,0.527619047619048,0.50507886721122,0.0359989549785607
GSE25837,xgboost_shallow,r_classical_reference,0.725888888888889,0.482380952380952,0.422280462184874,-0.0443353736144795
GSE25837,rrf_ranktreeensemble,r_relational,0.661111111111111,0.488452380952381,0.43592125603155,-0.0243557837157486
GSE25837,switchbox_ktsp,r_relational,0.397888888888889,0.349047619047619,0.329459817959818,-0.277105738934685
GSE25837,switchbox_tsp,r_relational,0.482111111111111,0.566428571428571,0.454088314463314,0.125522841047827
GSE25837,tspdt_bigtsp,r_relational,0.575888888888889,0.453095238095238,0.443284549600726,-0.0845592313519511
GSE27272,pyrrm_knn5,pyrrm_relational_knn,0.6143670450636395,0.4501538461538461,0.4039897141908682,-0.1424919896850631
GSE27272,py_reos,python_gene_pair,0.4327588579291365,0.3858205128205128,0.373145679788858,-0.2205197083458944
GSE27272,py_reos_svm,python_gene_pair,0.5626504987960097,0.4457371794871795,0.433569706519033,-0.1111858242104721
GSE27272,py_tsp,python_gene_pair,0.4664809081527348,0.4352884615384615,0.4199963904563034,-0.1233896757054658
GSE27272,py_tsp_rf,python_gene_pair,0.6741279669762642,0.4855576923076923,0.4130812055225292,-0.0497110135329377
GSE27272,py_tsp_svm,python_gene_pair,0.5626504987960097,0.4457371794871795,0.433569706519033,-0.1111858242104721
GSE27272,glmnet_enet,r_classical_reference,0.692672858617131,0.497455128205128,0.414348100164883,-0.0061367818909394
GSE27272,knn_euclidean,r_classical_reference,0.630356037151703,0.467019230769231,0.422689469494169,-0.0941731147691946
GSE27272,majority,r_classical_reference,0.699948400412797,0.5,0.411690072302558,0.0
GSE27272,ranger_rf,r_classical_reference,0.67030959752322,0.504480769230769,0.461239047287838,0.017945355765074
GSE27272,rpart_tree,r_classical_reference,0.591104231166151,0.515435897435897,0.504481707447713,0.0405303918564856
GSE27272,svm_linear,r_classical_reference,0.637463020295838,0.545403846153846,0.53751152422582,0.0926587972097261
GSE27272,xgboost_shallow,r_classical_reference,0.694905400756794,0.501564102564103,0.423865055087664,0.0064991943974842
GSE27272,rrf_ranktreeensemble,r_relational,0.607007223942209,0.481416666666667,0.455180050367824,-0.0408850323375009
GSE27272,switchbox_ktsp,r_relational,0.405036119711042,0.431570512820513,0.384115982962611,-0.133368687128161
GSE27272,switchbox_tsp,r_relational,0.458949088407293,0.503987179487179,0.435286278201839,0.0182447581778966
GSE27272,tspdt_bigtsp,r_relational,0.543476092191263,0.458410256410256,0.449682591859209,-0.0858450443856399
GSE3365,pyrrm_knn5,pyrrm_relational_knn,0.7766483516483517,0.799,0.765152464322743,0.5822267149684166
GSE3365,py_reos,python_gene_pair,0.7663736263736264,0.8050138888888888,0.7596094191755957,0.5870885232140383
GSE3365,py_reos_svm,python_gene_pair,0.8620970695970697,0.847125,0.8440939050199886,0.7063756874680306
GSE3365,py_tsp,python_gene_pair,0.836007326007326,0.8653888888888889,0.8296119770752124,0.7060741178721799
GSE3365,py_tsp_rf,python_gene_pair,0.8793315018315019,0.8596388888888888,0.8592879731637472,0.741106895866006
GSE3365,py_tsp_svm,python_gene_pair,0.8620970695970697,0.847125,0.8440939050199886,0.7063756874680306
GSE3365,glmnet_enet,r_classical_reference,0.944716117216117,0.942222222222222,0.937427544935285,0.884801316553602
GSE3365,knn_euclidean,r_classical_reference,0.8078663003663,0.811875,0.790741513646313,0.615380350613267
GSE3365,majority,r_classical_reference,0.66959706959707,0.5,0.40098814229249,0.0
GSE3365,ranger_rf,r_classical_reference,0.874505494505494,0.841472222222222,0.847300142066396,0.721402796979844
GSE3365,rpart_tree,r_classical_reference,0.855357142857143,0.822819444444445,0.825173485134987,0.679508201784019
GSE3365,svm_linear,r_classical_reference,0.933974358974359,0.930152777777778,0.925218549768085,0.864028798522707
GSE3365,xgboost_shallow,r_classical_reference,0.884716117216117,0.857555555555556,0.85991652980102,0.743940444070149
GSE3365,rrf_ranktreeensemble,r_relational,0.761428571428572,0.783486111111111,0.736172859218525,0.559808307377381
GSE3365,switchbox_ktsp,r_relational,0.828589743589744,0.824291666666667,0.809498075969438,0.654962783838049
GSE3365,switchbox_tsp,r_relational,0.80518315018315,0.830458333333333,0.795152856130797,0.639017647166288
GSE3365,tspdt_bigtsp,r_relational,0.85978021978022,0.8385,0.836915457478538,0.697392685967963
GSE6613,pyrrm_knn5,pyrrm_relational_knn,0.5680909090909091,0.5731666666666667,0.5541024531024531,0.1528028576673133
GSE6613,py_reos,python_gene_pair,0.5526363636363636,0.5646666666666667,0.515074161949162,0.1714294783762038
GSE6613,py_reos_svm,python_gene_pair,0.4978181818181818,0.4975,0.4852434509934509,-0.0004479580313993
GSE6613,py_tsp,python_gene_pair,0.518,0.5246666666666667,0.4896095987345987,0.0601681085398457
GSE6613,py_tsp_rf,python_gene_pair,0.5127272727272727,0.5131666666666667,0.4960324952824952,0.0345840788195154
GSE6613,py_tsp_svm,python_gene_pair,0.4978181818181818,0.4975,0.4852434509934509,-0.0004479580313993
GSE6613,glmnet_enet,r_classical_reference,0.531545454545455,0.519,0.427905259772907,0.0405163417854748
GSE6613,knn_euclidean,r_classical_reference,0.595,0.597,0.58242007992008,0.205596114767371
GSE6613,majority,r_classical_reference,0.522727272727273,0.5,0.34313725490196,0.0
GSE6613,ranger_rf,r_classical_reference,0.533363636363636,0.532666666666667,0.519373834498834,0.0664254029301254
GSE6613,rpart_tree,r_classical_reference,0.486272727272727,0.483666666666667,0.47153885003885,-0.0355412019179022
GSE6613,svm_linear,r_classical_reference,0.549818181818182,0.552333333333333,0.536128177378177,0.110898801631835
GSE6613,xgboost_shallow,r_classical_reference,0.527363636363636,0.525333333333333,0.509639638139638,0.0525803334801571
GSE6613,rrf_ranktreeensemble,r_relational,0.470727272727273,0.470333333333333,0.39846284352902,-0.0778113534509426
GSE6613,switchbox_ktsp,r_relational,0.605545454545454,0.614333333333333,0.582548423798424,0.261260878927875
GSE6613,switchbox_tsp,r_relational,0.488454545454546,0.494833333333333,0.450702505827506,-0.0096299810419765
GSE6613,tspdt_bigtsp,r_relational,0.556545454545455,0.556333333333333,0.546355366855367,0.115924687242734
