dataset_id,method_id,family,n_jobs,accuracy_mean,accuracy_std,balanced_accuracy_mean,balanced_accuracy_std,macro_f1_mean,macro_f1_std,mcc_mean,mcc_std
GDS2771,glmnet_enet,R,25,0.7325775978407557,0.08247952185440027,0.7277301587301588,0.08531117855550308,0.7261204434033016,0.08675367348928499,0.4665987783240609,0.17072055409787704
GDS2771,svm_linear,R,25,0.7022132253711202,0.0825905418379279,0.7004126984126984,0.08414550372675945,0.6982604099754893,0.08530015063979905,0.40651110812886115,0.17097196444686832
GDS2771,xgboost_shallow,R,25,0.7033468286099865,0.06017575738965304,0.6985873015873016,0.0609260623362982,0.6968436654153919,0.063093508057944,0.40780541302900586,0.12494357225047271
GDS2771,ranger_rf,R,25,0.6991632928475033,0.06941318427838854,0.6934126984126984,0.07224465826867829,0.6909623150299121,0.07484206146667093,0.3978679093517307,0.14502468926101772
GDS2771,py_tsp_rf,python_gene_pair,25,0.6917948717948719,0.07994036035113523,0.684968253968254,0.07922402478498937,0.6815608867406918,0.0819510728671774,0.3886015913724697,0.1648325581275896
GDS2771,knn_euclidean,R,25,0.6883130904183536,0.07753153888721578,0.6805238095238095,0.0785834459838664,0.6774925659100858,0.08152771950206782,0.3765710254982635,0.1592061793601662
GDS2771,pyrrm_knn5,pyrrm,25,0.6728744939271255,0.06830130036234584,0.6659999999999999,0.0702241489158459,0.6622031112368357,0.07437855229019237,0.3451486174761324,0.14435988255005908
GDS2771,switchbox_ktsp,R,25,0.6585425101214575,0.08574955493435041,0.6549047619047619,0.08303398615713238,0.6491747397496601,0.08658984474205435,0.32455485288773134,0.1722305352126281
GDS2771,py_reos_svm,python_gene_pair,25,0.6501754385964912,0.07491602740512952,0.6472857142857142,0.07591912866168718,0.6458821640301057,0.0763448151841548,0.2980999214956654,0.15281125652876054
GDS2771,py_tsp_svm,python_gene_pair,25,0.6501754385964912,0.07491602740512952,0.6472857142857142,0.07591912866168718,0.6458821640301057,0.0763448151841548,0.2980999214956654,0.15281125652876054
GDS2771,py_reos,python_gene_pair,25,0.6263427800269905,0.06271743798960126,0.621920634920635,0.0646925082395404,0.6149693747223212,0.06851139999125481,0.25354274871146415,0.13302385493966898
GDS2771,rpart_tree,R,25,0.6155195681511472,0.07943105346011745,0.6130000000000001,0.07847586179427245,0.6088410089993037,0.08089840880447942,0.23176819606144636,0.15886694462479808
GDS2771,rrf_ranktreeensemble,R,25,0.594952766531714,0.09314012644448397,0.5944444444444446,0.0849971685733761,0.5465404244905512,0.12631541412044378,0.21850762016952127,0.18575917578647913
GDS2771,switchbox_tsp,R,25,0.5906072874493926,0.08440630285550269,0.5907301587301588,0.08304955145054509,0.5811615748822263,0.08280328370667746,0.1933515021782799,0.17452200091024828
GDS2771,py_tsp,python_gene_pair,25,0.5906072874493927,0.08440630285550277,0.5907301587301587,0.08304955145054502,0.5811615748822262,0.08280328370667749,0.1933515021782799,0.17452200091024828
GDS2771,majority,R,25,0.5311740890688256,0.006072874493927019,0.5,0.0,0.34689655172413825,0.0025862068965514756,0.0,0.0
GSE10072,glmnet_enet,R,25,0.987012987012987,0.024985706451548066,0.9863333333333333,0.026666666666666672,0.9867981481015806,0.02551931447370602,0.9750920139779657,0.04774321798552253
GSE10072,svm_linear,R,25,0.985021645021645,0.026190476190476146,0.9844444444444445,0.02711002957769878,0.9848173113944282,0.02660053277686936,0.970649706566767,0.05194958553910823
GSE10072,ranger_rf,R,25,0.9831168831168832,0.03010266680923281,0.982111111111111,0.03183435135079599,0.9827963455099813,0.030700814473264226,0.9678170090354274,0.056820878928786074
GSE10072,pyrrm_knn5,pyrrm,25,0.9812121212121212,0.030217359831175794,0.9803232323232324,0.03172199667347155,0.9809381148517506,0.03069152330941409,0.9635691467453209,0.05876488611609934
GSE10072,knn_euclidean,R,25,0.9812987012987012,0.035626066214106765,0.9797777777777777,0.03838563260027712,0.9808021873162808,0.03658303707849204,0.9646312311352583,0.06706720626525815
GSE10072,py_reos,python_gene_pair,25,0.9794805194805195,0.03579138121579909,0.9781111111111112,0.03837558058434015,0.9789802411465085,0.03672106008378413,0.9611460683022695,0.06741561509216228
GSE10072,py_tsp_rf,python_gene_pair,25,0.9794805194805195,0.03579138121579909,0.9781111111111112,0.03837558058434015,0.9789802411465085,0.03672106008378413,0.9611460683022695,0.06741561509216228
GSE10072,py_tsp_svm,python_gene_pair,25,0.9793939393939394,0.03585677117302658,0.9781111111111112,0.038375580584340145,0.978879990519942,0.03679416397208764,0.9609630353844283,0.06755820373518613
GSE10072,py_reos_svm,python_gene_pair,25,0.9756709956709958,0.035944641687506614,0.9746262626262626,0.03820399955611273,0.975153282445408,0.03682791702484395,0.9538415089150757,0.0677700022373174
GSE10072,switchbox_ktsp,R,25,0.9737662337662337,0.03840756462723933,0.9734444444444444,0.039390612718900014,0.9732941363238845,0.039193295658047946,0.9499178128356975,0.07326511164534079
GSE10072,py_tsp,python_gene_pair,25,0.9645887445887447,0.044683035398435114,0.9641414141414141,0.046679277560563906,0.963901798905541,0.04589532299673155,0.9325891101149392,0.08508543091027504
GSE10072,xgboost_shallow,R,25,0.9588744588744589,0.04710797501560001,0.9573232323232324,0.05007535006990976,0.9579268435368046,0.048700995360696414,0.9211104936731757,0.09004972240262053
GSE10072,switchbox_tsp,R,25,0.957056277056277,0.05402474838584585,0.9570202020202019,0.05498907702426371,0.9563505762151878,0.05493290905150004,0.9187182390729689,0.10269369447381385
GSE10072,rpart_tree,R,25,0.9308225108225108,0.03803041185068861,0.9306464646464647,0.04014091775105307,0.9298050317520231,0.03896768819715786,0.8673439924324151,0.07351237523840058
GSE10072,rrf_ranktreeensemble,R,25,0.8671861471861472,0.11719814848423711,0.8752626262626262,0.1063781291986224,0.8617409649154432,0.12709227811770718,0.7739949313306542,0.18200008409471585
GSE10072,majority,R,25,0.5419913419913418,0.01797970533099124,0.5,0.0,0.351403743315508,0.007521136533217896,0.0,0.0
GSE17920,ranger_rf,R,25,0.7923076923076924,0.05551444896054095,0.6666186299081036,0.08497312658410013,0.6822575018894987,0.10251406566998794,0.44428847513317804,0.203865912334095
GSE17920,xgboost_shallow,R,25,0.7769230769230769,0.05087983290508841,0.6469340016708438,0.07776542379092609,0.6574910907623389,0.0978915113037209,0.3937058775947085,0.19703786201383802
GSE17920,rpart_tree,R,25,0.7123076923076923,0.07860344131266328,0.6339870509607352,0.0944099065323073,0.6337534199086111,0.09681237199052227,0.2857590204137348,0.19023388178050257
GSE17920,svm_linear,R,25,0.6846153846153845,0.08951435925492929,0.6216019214703425,0.10811507695605944,0.615422267312077,0.10754914639745328,0.24517483159405284,0.21574902027390705
GSE17920,switchbox_tsp,R,25,0.5784615384615384,0.08705685190443564,0.5801482873851296,0.08588702381567305,0.5488189204809197,0.08042063593011474,0.15107415713435027,0.15825171578178773
GSE17920,py_tsp,python_gene_pair,25,0.5784615384615385,0.08705685190443568,0.5801482873851295,0.08588702381567304,0.5488189204809197,0.08042063593011467,0.15107415713435027,0.15825171578178768
GSE17920,py_reos_svm,python_gene_pair,25,0.6615384615384614,0.08234123447862264,0.5796679197994987,0.1063806797653821,0.5734485846604513,0.11076977097409939,0.16260966263972737,0.22040495696847318
GSE17920,py_tsp_svm,python_gene_pair,25,0.6615384615384614,0.08234123447862264,0.5796679197994987,0.1063806797653821,0.5734485846604513,0.11076977097409939,0.16260966263972737,0.22040495696847318
GSE17920,rrf_ranktreeensemble,R,25,0.6276923076923075,0.10398850641996753,0.575123224728488,0.0905382201376796,0.5589964537363253,0.09630978565479319,0.15185959916618233,0.1790502843070852
GSE17920,py_tsp_rf,python_gene_pair,25,0.6907692307692308,0.07150812701222739,0.5624060150375939,0.09126600654665996,0.5575326718638657,0.1075066843218367,0.1532845766848871,0.22384451803745772
GSE17920,glmnet_enet,R,25,0.7061538461538461,0.045616530447839095,0.5459774436090225,0.06179891616688077,0.5094356478624938,0.09209316916071118,0.1308385315590326,0.17114019835963745
GSE17920,switchbox_ktsp,R,25,0.5707692307692306,0.0997284280876635,0.5454887218045114,0.09876196083415102,0.5269004640293374,0.09379632987978807,0.09035763671591227,0.186103034720637
GSE17920,py_reos,python_gene_pair,25,0.5415384615384615,0.068370726287043,0.542124060150376,0.07553675707607557,0.5126575470938579,0.06466060431398053,0.07916693082463393,0.13895011291668702
GSE17920,pyrrm_knn5,pyrrm,25,0.6615384615384614,0.06181827410892919,0.5252443609022557,0.06793622713870895,0.5132395233929401,0.081403393178454,0.06500666350406521,0.16693088005370646
GSE17920,knn_euclidean,R,25,0.6692307692307692,0.06280742930213278,0.5195718462823726,0.07885197483792991,0.49916404211896337,0.09881222363096483,0.049430802488149385,0.20507088618437327
GSE17920,majority,R,25,0.7076923076923076,0.019230769230769496,0.5,0.0,0.4143434343434342,0.006565656565656502,0.0,0.0
GSE19804,py_reos,python_gene_pair,25,0.9583333333333333,0.03402069087198859,0.9583333333333333,0.03402069087198857,0.9582432350258437,0.03410261554226843,0.9192528340222806,0.06662712183444944
GSE19804,py_tsp_rf,python_gene_pair,25,0.9583333333333335,0.039892796156514095,0.9583333333333333,0.03989279615651408,0.9581784843176148,0.04012999347144153,0.919868576296388,0.07678121081056122
GSE19804,py_reos_svm,python_gene_pair,25,0.9566666666666667,0.03893846046910054,0.9566666666666666,0.03893846046910053,0.9565089191002235,0.039174435986904295,0.9166632247366999,0.074947370973503
GSE19804,glmnet_enet,R,25,0.955,0.04646035745466036,0.955,0.04646035745466036,0.9549332117158202,0.04650977511495308,0.9118340975391258,0.09225862751897516
GSE19804,ranger_rf,R,25,0.9516666666666665,0.04283095540308127,0.9516666666666665,0.04283095540308127,0.9515357454140062,0.04301674987811383,0.9060418066263024,0.08383272223047886
GSE19804,xgboost_shallow,R,25,0.9516666666666665,0.042830955403081274,0.9516666666666665,0.042830955403081274,0.951488386010125,0.043129586337837554,0.9064481241798991,0.08265999875438783
GSE19804,py_tsp,python_gene_pair,25,0.95,0.05103103630798288,0.95,0.051031036307982856,0.9498596437379047,0.05117815456712401,0.9028412337221752,0.10041127661419874
GSE19804,py_tsp_svm,python_gene_pair,25,0.95,0.05103103630798289,0.95,0.051031036307982884,0.9496932169279995,0.05163865613500517,0.9039579533782123,0.0970874858546622
GSE19804,switchbox_tsp,R,25,0.9499999999999998,0.05103103630798289,0.9499999999999998,0.05103103630798289,0.9498596437379045,0.05117815456712404,0.9028412337221752,0.1004112766141987
GSE19804,pyrrm_knn5,pyrrm,25,0.9483333333333333,0.05677481509991582,0.9483333333333333,0.056774815099915804,0.9482432350258437,0.05690985175069357,0.8984061968346311,0.11277162039368913
GSE19804,switchbox_ktsp,R,25,0.9433333333333331,0.04793176090760388,0.9433333333333331,0.04793176090760388,0.9431879193270496,0.04808519307322458,0.8897358158671816,0.09465185216534357
GSE19804,knn_euclidean,R,25,0.9366666666666665,0.03826382587209965,0.9366666666666665,0.03826382587209965,0.936497942637073,0.03844230213977774,0.8768753193896558,0.07532633588475325
GSE19804,rrf_ranktreeensemble,R,25,0.9283333333333332,0.06076289681729818,0.9283333333333332,0.06076289681729818,0.927377754612537,0.06308610061540673,0.8644088361975887,0.11062413302088457
GSE19804,svm_linear,R,25,0.9216666666666665,0.05553819173092278,0.9216666666666665,0.05553819173092278,0.9215242728286205,0.055636206573076136,0.8459878192115162,0.11086258968513384
GSE19804,rpart_tree,R,25,0.9133333333333333,0.055014728667606504,0.9133333333333333,0.055014728667606504,0.9126606919650397,0.05576343939988565,0.8346795060828407,0.10479146632113667
GSE19804,majority,R,25,0.5,0.0,0.5,0.0,0.333333333333333,0.0,0.0,0.0
GSE25837,glmnet_enet,R,25,0.7532163742690059,0.020467836257310024,0.5,0.0,0.4295454545454544,0.006628787878788007,0.0,0.0
GSE25837,majority,R,25,0.7532163742690059,0.020467836257310024,0.5,0.0,0.4295454545454544,0.006628787878788007,0.0,0.0
GSE25837,rpart_tree,R,25,0.6242105263157895,0.09712459739680228,0.4905714285714287,0.0989360922016636,0.47744505920255564,0.10296063309492315,-0.024265497888525757,0.2040936013721436
GSE25837,ranger_rf,R,25,0.7360233918128657,0.036729770881260365,0.48857142857142855,0.019884872724392957,0.4237211632453567,0.012297584400592601,-0.04091672773955248,0.06766119406858905
GSE25837,rrf_ranktreeensemble,R,25,0.6501754385964914,0.163677148536936,0.4878571428571428,0.10516022760239625,0.4282531227797707,0.09924297987899049,-0.02899909457212886,0.19475980352243225
GSE25837,knn_euclidean,R,25,0.6783625730994153,0.11507683806466264,0.4838571428571429,0.1036746201861781,0.4627695406496851,0.12027488679736201,-0.025286844853801994,0.2646102710457137
GSE25837,svm_linear,R,25,0.612982456140351,0.09615793937090886,0.4804285714285714,0.11298139633748257,0.46978146901711987,0.1120753825770593,-0.04498267992755265,0.2297859516696686
GSE25837,pyrrm_knn5,pyrrm,25,0.683859649122807,0.06577496049579146,0.4794285714285714,0.05894011430961036,0.44720536072093353,0.07168431956886746,-0.04916574698059639,0.17790236027699546
GSE25837,xgboost_shallow,R,25,0.7122807017543862,0.05979871735736122,0.4764285714285715,0.043959048661039786,0.4217771610110318,0.04244889438311338,-0.06960989620256183,0.11423961491158133
GSE25837,py_tsp_rf,python_gene_pair,25,0.6560233918128655,0.0767549893227933,0.4392857142857142,0.05406518489459808,0.3995776728832902,0.03791312034366144,-0.15370776403197095,0.11388316427405212
GSE25837,switchbox_tsp,R,25,0.4212865497076024,0.08365298973666384,0.4261428571428572,0.1322784053827845,0.3726581850939202,0.0809481000036574,-0.12935962810239401,0.24813893728937975
GSE25837,py_tsp,python_gene_pair,25,0.4212865497076023,0.08365298973666394,0.42614285714285716,0.13227840538278443,0.3726581850939202,0.08094810000365756,-0.12935962810239401,0.24813893728937966
GSE25837,py_reos_svm,python_gene_pair,25,0.5527485380116959,0.0981329995994581,0.3917142857142857,0.08676023533493989,0.383011097370886,0.07688521579290422,-0.22282617210132202,0.15917026745691734
GSE25837,py_tsp_svm,python_gene_pair,25,0.5527485380116959,0.0981329995994581,0.3917142857142857,0.08676023533493989,0.383011097370886,0.07688521579290422,-0.22282617210132202,0.15917026745691734
GSE25837,switchbox_ktsp,R,25,0.38479532163742697,0.11648600726536511,0.38542857142857145,0.13150958295182616,0.3479633961428013,0.10682793186795822,-0.20921627289598999,0.22912477082238894
GSE25837,py_reos,python_gene_pair,25,0.36736842105263157,0.10742341467697403,0.34528571428571425,0.12125653078701949,0.32171888037347396,0.09272712731296127,-0.27486170860457976,0.20676874030884787
GSE27272,svm_linear,R,25,0.6403003003003005,0.07948991114160729,0.5749314685314685,0.09925748452291887,0.5706821940409781,0.1002957900851131,0.14752819662034825,0.2021680306685992
GSE27272,py_reos,python_gene_pair,25,0.4753753753753754,0.07434233257736587,0.5399244755244755,0.11573414763478225,0.4632188263758629,0.07869841430360446,0.09012590192069742,0.23325053608678661
GSE27272,ranger_rf,R,25,0.6886186186186188,0.04226782288140008,0.5223580419580418,0.04888813606171034,0.48592031786385087,0.0669944761122228,0.08688763694930048,0.16412215379130826
GSE27272,rrf_ranktreeensemble,R,25,0.6643243243243246,0.055310819594738554,0.5079664335664336,0.037855346449299415,0.4527216703043793,0.061268705129611835,0.017766461226015613,0.12276566292332727
GSE27272,xgboost_shallow,R,25,0.6863063063063066,0.03801601952154884,0.5061034965034965,0.044711341738636175,0.4486819429752575,0.06956102961333001,0.015148837715679275,0.17723937400401032
GSE27272,py_tsp,python_gene_pair,25,0.48732732732732736,0.052867247391439325,0.5039272727272727,0.08313906156823168,0.45759402000331156,0.05551397333288904,0.010948681207185073,0.16423970189887147
GSE27272,switchbox_tsp,R,25,0.48402402402402417,0.05434674953297981,0.5005398601398602,0.08241696971891042,0.4545570551684744,0.05601335155231792,0.004163854100392519,0.16264894063967789
GSE27272,majority,R,25,0.6993993993993998,0.0041291291291290135,0.5,0.0,0.41155347384855623,0.001431173562320998,0.0,0.0
GSE27272,glmnet_enet,R,25,0.6983183183183186,0.006231231231231182,0.49923076923076926,0.003846153846153797,0.4111745695986842,0.0021757004131964723,-0.00433629090391996,0.0216814545195998
GSE27272,py_tsp_rf,python_gene_pair,25,0.6688288288288288,0.04315256278839924,0.498855944055944,0.03828149148539953,0.45282473626783515,0.0518310668916357,0.0008025614590868025,0.12982133574466936
GSE27272,rpart_tree,R,25,0.5632732732732735,0.06554091319162923,0.4763216783216783,0.06645036592889988,0.4744328518909438,0.06553057832835375,-0.04567165602304483,0.13406565912655907
GSE27272,switchbox_ktsp,R,25,0.4634834834834836,0.06979555747514828,0.4753734265734266,0.07488822061299936,0.44232113933129413,0.06692049993086027,-0.046965025829123624,0.13977882417973325
GSE27272,py_reos_svm,python_gene_pair,25,0.574894894894895,0.07164993312712387,0.4731832167832168,0.06829774413583065,0.47003331395922154,0.06869351202024601,-0.05198633455730625,0.14331137921880582
GSE27272,py_tsp_svm,python_gene_pair,25,0.574894894894895,0.07164993312712387,0.4731832167832168,0.06829774413583065,0.47003331395922154,0.06869351202024601,-0.05198633455730625,0.14331137921880582
GSE27272,pyrrm_knn5,pyrrm,25,0.6163963963963964,0.05962188447581799,0.4697706293706294,0.056570374145814534,0.44216950094383917,0.06181735155571063,-0.07636596646308655,0.1352167128758587
GSE27272,knn_euclidean,R,25,0.6109909909909913,0.05637245030556818,0.46382657342657346,0.05667972198802527,0.4350812006057378,0.06398995898484679,-0.09395654855516515,0.13878827975985178
GSE3365,svm_linear,R,25,0.9431999999999999,0.04993471082491262,0.9426633986928104,0.05217548130173804,0.9369577284378792,0.055121016109786036,0.879622054374782,0.1072320995782975
GSE3365,glmnet_enet,R,25,0.9433846153846153,0.03932868624973593,0.9416176470588234,0.04635626842575171,0.9365070723316503,0.044512293531449774,0.8797029228487472,0.0841212747544065
GSE3365,xgboost_shallow,R,25,0.8902153846153845,0.06088576946279744,0.8692810457516339,0.07957520883380573,0.8714869904183796,0.07610128852131233,0.7577630125233822,0.13839385430116077
GSE3365,py_tsp_rf,python_gene_pair,25,0.8806153846153846,0.06492599337233598,0.8664052287581699,0.07553420864460272,0.8644193517363895,0.07438473395473877,0.7391627989395901,0.14336244835564627
GSE3365,pyrrm_knn5,pyrrm,25,0.8474461538461538,0.061884730920514955,0.8653921568627451,0.06075031315182,0.8379162017864443,0.06309161010876013,0.7020178313234112,0.11415941936428535
GSE3365,ranger_rf,R,25,0.891876923076923,0.07381746237496443,0.8627941176470588,0.09404887427265883,0.8711276811865046,0.09238969998735068,0.7548112881601835,0.17531887751223327
GSE3365,py_tsp_svm,python_gene_pair,25,0.8537846153846154,0.07812961465661107,0.837140522875817,0.08035684845981637,0.8355235244409068,0.08602632124962754,0.6830073891655024,0.1651760922125544
GSE3365,py_reos_svm,python_gene_pair,25,0.8521230769230769,0.07827695734558193,0.83359477124183,0.081743407917004,0.833047504303122,0.08638251016542482,0.6775733177701645,0.16746776400984192
GSE3365,switchbox_tsp,R,25,0.8110153846153847,0.056163820680680855,0.8326143790849673,0.061636016021719475,0.7999321145505067,0.058320146340540384,0.6363495549668418,0.10653813230361528
GSE3365,py_tsp,python_gene_pair,25,0.8062153846153847,0.058656019295597654,0.8264379084967319,0.06413033550517416,0.7947142311322838,0.06098201524435356,0.6249258228525312,0.11298117428247173
GSE3365,py_reos,python_gene_pair,25,0.8173538461538462,0.06848245142988202,0.8258986928104575,0.08179316168611052,0.8024145983983075,0.07786104938870224,0.6295074832107412,0.15214978433817275
GSE3365,switchbox_ktsp,R,25,0.8238769230769232,0.07091973961779349,0.8255882352941177,0.07434514082335965,0.8083861590222848,0.07559953790224827,0.6375539203676587,0.14373183943155174
GSE3365,rpart_tree,R,25,0.8445538461538462,0.0662469231915502,0.8124509803921569,0.07257318573964132,0.8183687986137054,0.07507376916923914,0.6561575789272139,0.1416818676488924
GSE3365,knn_euclidean,R,25,0.8002461538461538,0.05889964051554109,0.7984640522875818,0.06957996516420503,0.7823171288952964,0.06400390737401784,0.5800015304720005,0.12936121624754365
GSE3365,rrf_ranktreeensemble,R,25,0.793723076923077,0.08236029950717312,0.73781045751634,0.10552426023525913,0.734334549027711,0.11297082009557965,0.5523764289463705,0.18508969386558868
GSE3365,majority,R,25,0.6695384615384615,0.013076923076923047,0.5,0.0,0.4009966777408638,0.004706533776301514,0.0,0.0
GSE6613,py_reos_svm,python_gene_pair,25,0.6228571428571429,0.1107590795201239,0.6214545454545455,0.11218405282387059,0.617859558019741,0.11190860668489376,0.24919331765953576,0.22932190804051414
GSE6613,py_tsp_svm,python_gene_pair,25,0.6228571428571429,0.1107590795201239,0.6214545454545455,0.11218405282387059,0.617859558019741,0.11190860668489376,0.24919331765953576,0.22932190804051414
GSE6613,pyrrm_knn5,pyrrm,25,0.6133333333333333,0.12009066869446185,0.6132727272727273,0.12015342579397205,0.6096566709206499,0.1202559008095374,0.23158096865058486,0.24462710775299254
GSE6613,ranger_rf,R,25,0.6019047619047619,0.11573159449878216,0.5990909090909091,0.11584222670340596,0.5946389441566048,0.11734976108593861,0.20525551566357234,0.23955118299893752
GSE6613,py_reos,python_gene_pair,25,0.5885714285714285,0.0868095804055576,0.5965454545454546,0.08734766353525932,0.5732299365971295,0.0931486745495728,0.21336089852118337,0.19254448462007978
GSE6613,py_tsp_rf,python_gene_pair,25,0.5923809523809525,0.11589475769061469,0.5910909090909091,0.11531696646556802,0.5871497990575255,0.11573002499274093,0.18753322108158366,0.23550821041695638
GSE6613,switchbox_ktsp,R,25,0.5828571428571427,0.0872438481502304,0.5892727272727272,0.08751111696399785,0.5698802988798143,0.08933935274714112,0.1981069582213808,0.19208502255779047
GSE6613,knn_euclidean,R,25,0.577142857142857,0.09943149056105285,0.5761818181818182,0.09853681612591009,0.5704811355483183,0.10017125402822223,0.15670493188460183,0.1989305748371193
GSE6613,svm_linear,R,25,0.5695238095238095,0.08415692788451776,0.5689090909090909,0.08490271535339827,0.5579250385710072,0.08724781057103452,0.14545225012590218,0.176075749248482
GSE6613,xgboost_shallow,R,25,0.5504761904761906,0.1108954823791019,0.5485454545454547,0.11198589295257538,0.5423311321902251,0.11575537302585111,0.0973354295524157,0.23007941436512985
GSE6613,rrf_ranktreeensemble,R,25,0.5504761904761903,0.07539264817166932,0.5483636363636364,0.0769140517061886,0.4815239207753405,0.1270791516122613,0.10638154220857354,0.17447680136056784
GSE6613,rpart_tree,R,25,0.5447619047619046,0.09920317455237934,0.5436363636363637,0.09679790654112201,0.5337110198944901,0.10147513117079701,0.09007795223469856,0.20043353424440916
GSE6613,switchbox_tsp,R,25,0.5085714285714285,0.0798240695916199,0.5134545454545454,0.08232670253577039,0.4925436794695512,0.08220057023969321,0.03214460625301094,0.1787131954613231
GSE6613,py_tsp,python_gene_pair,25,0.5085714285714286,0.07982406959162006,0.513090909090909,0.08201071622512253,0.4939105749691696,0.0831853381623766,0.029714797273873765,0.17645580402728192
GSE6613,glmnet_enet,R,25,0.5257142857142857,0.04657587540038456,0.5107272727272728,0.048707113649960776,0.4219410357153055,0.09956763919016945,0.020756417967554994,0.10447950568896648
GSE6613,majority,R,25,0.523809523809524,0.0,0.5,0.0,0.34375,0.0,0.0,0.0
