dataset_id,method_id,family,n_jobs,accuracy_mean,accuracy_std,balanced_accuracy_mean,balanced_accuracy_std,macro_f1_mean,macro_f1_std,mcc_mean,mcc_std,rank_balanced_accuracy
GDS2771,glmnet_enet,R,25,0.7325775978407557,0.0824795218544002,0.7277301587301588,0.085311178555503,0.7261204434033016,0.0867536734892849,0.4665987783240609,0.170720554097877,1.0
GDS2771,svm_linear,R,25,0.7022132253711202,0.0825905418379279,0.7004126984126984,0.0841455037267594,0.6982604099754893,0.085300150639799,0.4065111081288611,0.1709719644468683,2.0
GDS2771,xgboost_shallow,R,25,0.7033468286099865,0.060175757389653,0.6985873015873016,0.0609260623362982,0.6968436654153919,0.063093508057944,0.4078054130290058,0.1249435722504727,3.0
GDS2771,ranger_rf,R,25,0.6991632928475033,0.0694131842783885,0.6934126984126984,0.0722446582686782,0.6909623150299121,0.0748420614666709,0.3978679093517307,0.1450246892610177,4.0
GDS2771,py_tsp_rf,python_gene_pair,25,0.6917948717948719,0.0799403603511352,0.684968253968254,0.0792240247849893,0.6815608867406918,0.0819510728671774,0.3886015913724697,0.1648325581275896,5.0
GDS2771,knn_euclidean,R,25,0.6883130904183536,0.0775315388872157,0.6805238095238095,0.0785834459838664,0.6774925659100858,0.0815277195020678,0.3765710254982635,0.1592061793601662,6.0
GDS2771,pyrrm_knn5,pyrrm,25,0.6728744939271255,0.0683013003623458,0.6659999999999999,0.0702241489158459,0.6622031112368357,0.0743785522901923,0.3451486174761324,0.144359882550059,7.0
GDS2771,switchbox_ktsp,R,25,0.6585425101214575,0.0857495549343504,0.6549047619047619,0.0830339861571323,0.6491747397496601,0.0865898447420543,0.3245548528877313,0.1722305352126281,8.0
GDS2771,py_reos_svm,python_gene_pair,25,0.6501754385964912,0.0749160274051295,0.6472857142857142,0.0759191286616871,0.6458821640301057,0.0763448151841548,0.2980999214956654,0.1528112565287605,9.0
GDS2771,py_tsp_svm,python_gene_pair,25,0.6501754385964912,0.0749160274051295,0.6472857142857142,0.0759191286616871,0.6458821640301057,0.0763448151841548,0.2980999214956654,0.1528112565287605,9.0
GDS2771,tspdt_bigtsp,R,25,0.6283400809716599,0.07779269087927507,0.6276825396825396,0.07678172200222708,0.6252788590843159,0.07690294056416463,0.2596560839931415,0.15792188900344958,11.0
GDS2771,py_reos,python_gene_pair,25,0.6263427800269905,0.0627174379896012,0.621920634920635,0.0646925082395404,0.6149693747223212,0.0685113999912548,0.2535427487114641,0.1330238549396689,12.0
GDS2771,rpart_tree,R,25,0.6155195681511472,0.0794310534601174,0.6130000000000001,0.0784758617942724,0.6088410089993037,0.0808984088044794,0.2317681960614463,0.158866944624798,13.0
GDS2771,rrf_ranktreeensemble,R,25,0.594952766531714,0.0931401264444839,0.5944444444444446,0.0849971685733761,0.5465404244905512,0.1263154141204437,0.2185076201695212,0.1857591757864791,14.0
GDS2771,switchbox_tsp,R,25,0.5906072874493926,0.0844063028555026,0.5907301587301588,0.083049551450545,0.5811615748822263,0.0828032837066774,0.1933515021782799,0.1745220009102482,15.0
GDS2771,py_tsp,python_gene_pair,25,0.5906072874493927,0.0844063028555027,0.5907301587301587,0.083049551450545,0.5811615748822262,0.0828032837066774,0.1933515021782799,0.1745220009102482,16.0
GDS2771,majority,R,25,0.5311740890688256,0.006072874493927,0.5,0.0,0.3468965517241382,0.0025862068965514,0.0,0.0,17.0
GSE10072,glmnet_enet,R,25,0.987012987012987,0.024985706451548,0.9863333333333332,0.0266666666666666,0.9867981481015806,0.025519314473706,0.9750920139779656,0.0477432179855225,1.0
GSE10072,svm_linear,R,25,0.985021645021645,0.0261904761904761,0.9844444444444445,0.0271100295776987,0.9848173113944282,0.0266005327768693,0.970649706566767,0.0519495855391082,2.0
GSE10072,ranger_rf,R,25,0.9831168831168832,0.0301026668092328,0.982111111111111,0.0318343513507959,0.9827963455099812,0.0307008144732642,0.9678170090354274,0.056820878928786,3.0
GSE10072,pyrrm_knn5,pyrrm,25,0.9812121212121212,0.0302173598311757,0.9803232323232324,0.0317219966734715,0.9809381148517506,0.030691523309414,0.9635691467453208,0.0587648861160993,4.0
GSE10072,knn_euclidean,R,25,0.9812987012987012,0.0356260662141067,0.9797777777777776,0.0383856326002771,0.9808021873162808,0.036583037078492,0.9646312311352584,0.0670672062652581,5.0
GSE10072,py_reos,python_gene_pair,25,0.9794805194805196,0.035791381215799,0.9781111111111112,0.0383755805843401,0.9789802411465084,0.0367210600837841,0.9611460683022696,0.0674156150921622,6.0
GSE10072,py_tsp_rf,python_gene_pair,25,0.9794805194805196,0.035791381215799,0.9781111111111112,0.0383755805843401,0.9789802411465084,0.0367210600837841,0.9611460683022696,0.0674156150921622,6.0
GSE10072,py_tsp_svm,python_gene_pair,25,0.9793939393939394,0.0358567711730265,0.9781111111111112,0.0383755805843401,0.978879990519942,0.0367941639720876,0.9609630353844284,0.0675582037351861,6.0
GSE10072,py_reos_svm,python_gene_pair,25,0.9756709956709958,0.0359446416875066,0.9746262626262626,0.0382039995561127,0.975153282445408,0.0368279170248439,0.9538415089150756,0.0677700022373174,9.0
GSE10072,switchbox_ktsp,R,25,0.9737662337662336,0.0384075646272393,0.9734444444444444,0.0393906127189,0.9732941363238844,0.0391932956580479,0.9499178128356977,0.0732651116453407,10.0
GSE10072,py_tsp,python_gene_pair,25,0.9645887445887448,0.0446830353984351,0.964141414141414,0.0466792775605639,0.963901798905541,0.0458953229967315,0.9325891101149392,0.085085430910275,11.0
GSE10072,xgboost_shallow,R,25,0.9588744588744588,0.0471079750156,0.9573232323232324,0.0500753500699097,0.9579268435368046,0.0487009953606964,0.9211104936731755,0.0900497224026205,12.0
GSE10072,switchbox_tsp,R,25,0.957056277056277,0.0540247483858458,0.957020202020202,0.0549890770242637,0.9563505762151878,0.0549329090515,0.9187182390729688,0.1026936944738138,13.0
GSE10072,tspdt_bigtsp,R,25,0.957056277056277,0.05402474838584585,0.9570202020202019,0.05498907702426371,0.9563505762151878,0.05493290905150004,0.9187182390729689,0.10269369447381385,14.0
GSE10072,rpart_tree,R,25,0.9308225108225108,0.0380304118506886,0.9306464646464648,0.040140917751053,0.9298050317520232,0.0389676881971578,0.8673439924324151,0.0735123752384005,15.0
GSE10072,rrf_ranktreeensemble,R,25,0.8671861471861472,0.1171981484842371,0.8752626262626262,0.1063781291986224,0.8617409649154432,0.1270922781177071,0.7739949313306542,0.1820000840947158,16.0
GSE10072,majority,R,25,0.5419913419913418,0.0179797053309912,0.5,0.0,0.351403743315508,0.0075211365332178,0.0,0.0,17.0
GSE17920,ranger_rf,R,25,0.7923076923076924,0.0555144489605409,0.6666186299081036,0.0849731265841001,0.6822575018894987,0.1025140656699879,0.444288475133178,0.203865912334095,1.0
GSE17920,xgboost_shallow,R,25,0.7769230769230769,0.0508798329050884,0.6469340016708438,0.077765423790926,0.6574910907623389,0.0978915113037209,0.3937058775947085,0.197037862013838,2.0
GSE17920,rpart_tree,R,25,0.7123076923076923,0.0786034413126632,0.6339870509607352,0.0944099065323073,0.6337534199086111,0.0968123719905222,0.2857590204137348,0.1902338817805025,3.0
GSE17920,svm_linear,R,25,0.6846153846153845,0.0895143592549292,0.6216019214703425,0.1081150769560594,0.615422267312077,0.1075491463974532,0.2451748315940528,0.215749020273907,4.0
GSE17920,switchbox_tsp,R,25,0.5784615384615384,0.0870568519044356,0.5801482873851296,0.085887023815673,0.5488189204809197,0.0804206359301147,0.1510741571343502,0.1582517157817877,5.0
GSE17920,py_tsp,python_gene_pair,25,0.5784615384615385,0.0870568519044356,0.5801482873851295,0.085887023815673,0.5488189204809197,0.0804206359301146,0.1510741571343502,0.1582517157817876,6.0
GSE17920,py_reos_svm,python_gene_pair,25,0.6615384615384614,0.0823412344786226,0.5796679197994987,0.1063806797653821,0.5734485846604513,0.1107697709740993,0.1626096626397273,0.2204049569684731,7.0
GSE17920,py_tsp_svm,python_gene_pair,25,0.6615384615384614,0.0823412344786226,0.5796679197994987,0.1063806797653821,0.5734485846604513,0.1107697709740993,0.1626096626397273,0.2204049569684731,7.0
GSE17920,rrf_ranktreeensemble,R,25,0.6276923076923075,0.1039885064199675,0.575123224728488,0.0905382201376796,0.5589964537363253,0.0963097856547931,0.1518595991661823,0.1790502843070852,9.0
GSE17920,py_tsp_rf,python_gene_pair,25,0.6907692307692308,0.0715081270122273,0.5624060150375939,0.0912660065466599,0.5575326718638657,0.1075066843218367,0.1532845766848871,0.2238445180374577,10.0
GSE17920,tspdt_bigtsp,R,25,0.6276923076923077,0.09850960365281301,0.5501274018379282,0.1128350612117743,0.5432450211960003,0.11206698823682372,0.10673686560038086,0.22658561888412967,11.0
GSE17920,glmnet_enet,R,25,0.7061538461538461,0.045616530447839,0.5459774436090225,0.0617989161668807,0.5094356478624938,0.0920931691607111,0.1308385315590326,0.1711401983596374,12.0
GSE17920,switchbox_ktsp,R,25,0.5707692307692306,0.0997284280876635,0.5454887218045114,0.098761960834151,0.5269004640293374,0.093796329879788,0.0903576367159122,0.186103034720637,13.0
GSE17920,py_reos,python_gene_pair,25,0.5415384615384615,0.068370726287043,0.542124060150376,0.0755367570760755,0.5126575470938579,0.0646606043139805,0.0791669308246339,0.138950112916687,14.0
GSE17920,pyrrm_knn5,pyrrm,25,0.6615384615384614,0.0618182741089291,0.5252443609022557,0.0679362271387089,0.5132395233929401,0.081403393178454,0.0650066635040652,0.1669308800537064,15.0
GSE17920,knn_euclidean,R,25,0.6692307692307692,0.0628074293021327,0.5195718462823726,0.0788519748379299,0.4991640421189633,0.0988122236309648,0.0494308024881493,0.2050708861843732,16.0
GSE17920,majority,R,25,0.7076923076923076,0.0192307692307694,0.5,0.0,0.4143434343434342,0.0065656565656565,0.0,0.0,17.0
GSE19804,py_reos,python_gene_pair,25,0.9583333333333331,0.0340206908719885,0.9583333333333331,0.0340206908719885,0.9582432350258436,0.0341026155422684,0.9192528340222806,0.0666271218344494,1.0
GSE19804,py_tsp_rf,python_gene_pair,25,0.9583333333333336,0.039892796156514,0.9583333333333331,0.039892796156514,0.9581784843176148,0.0401299934714415,0.919868576296388,0.0767812108105612,1.0
GSE19804,py_reos_svm,python_gene_pair,25,0.9566666666666668,0.0389384604691005,0.9566666666666666,0.0389384604691005,0.9565089191002236,0.0391744359869042,0.9166632247367,0.074947370973503,3.0
GSE19804,glmnet_enet,R,25,0.955,0.0464603574546603,0.955,0.0464603574546603,0.9549332117158202,0.046509775114953,0.9118340975391258,0.0922586275189751,4.0
GSE19804,ranger_rf,R,25,0.9516666666666664,0.0428309554030812,0.9516666666666664,0.0428309554030812,0.9515357454140062,0.0430167498781138,0.9060418066263024,0.0838327222304788,5.0
GSE19804,xgboost_shallow,R,25,0.9516666666666664,0.0428309554030812,0.9516666666666664,0.0428309554030812,0.951488386010125,0.0431295863378375,0.9064481241798992,0.0826599987543878,5.0
GSE19804,py_tsp,python_gene_pair,25,0.95,0.0510310363079828,0.95,0.0510310363079828,0.9498596437379048,0.051178154567124,0.9028412337221752,0.1004112766141987,7.0
GSE19804,py_tsp_svm,python_gene_pair,25,0.95,0.0510310363079828,0.95,0.0510310363079828,0.9496932169279996,0.0516386561350051,0.9039579533782124,0.0970874858546622,7.0
GSE19804,switchbox_tsp,R,25,0.9499999999999998,0.0510310363079828,0.9499999999999998,0.0510310363079828,0.9498596437379044,0.051178154567124,0.9028412337221752,0.1004112766141987,9.0
GSE19804,pyrrm_knn5,pyrrm,25,0.9483333333333333,0.0567748150999158,0.9483333333333333,0.0567748150999158,0.9482432350258436,0.0569098517506935,0.8984061968346311,0.1127716203936891,10.0
GSE19804,switchbox_ktsp,R,25,0.9433333333333332,0.0479317609076038,0.9433333333333332,0.0479317609076038,0.9431879193270496,0.0480851930732245,0.8897358158671816,0.0946518521653435,11.0
GSE19804,knn_euclidean,R,25,0.9366666666666664,0.0382638258720996,0.9366666666666664,0.0382638258720996,0.936497942637073,0.0384423021397777,0.8768753193896558,0.0753263358847532,12.0
GSE19804,tspdt_bigtsp,R,25,0.935,0.06259252410690969,0.935,0.06259252410690969,0.9347167634298068,0.06291727074165297,0.8743996438040524,0.12304272642060615,13.0
GSE19804,rrf_ranktreeensemble,R,25,0.9283333333333332,0.0607628968172981,0.9283333333333332,0.0607628968172981,0.927377754612537,0.0630861006154067,0.8644088361975887,0.1106241330208845,14.0
GSE19804,svm_linear,R,25,0.9216666666666664,0.0555381917309227,0.9216666666666664,0.0555381917309227,0.9215242728286204,0.0556362065730761,0.8459878192115162,0.1108625896851338,15.0
GSE19804,rpart_tree,R,25,0.9133333333333332,0.0550147286676065,0.9133333333333332,0.0550147286676065,0.9126606919650396,0.0557634393998856,0.8346795060828407,0.1047914663211366,16.0
GSE19804,majority,R,25,0.5,0.0,0.5,0.0,0.333333333333333,0.0,0.0,0.0,17.0
GSE25837,tspdt_bigtsp,R,25,0.6242105263157895,0.09963755092095769,0.5127142857142857,0.12489825791391955,0.5044657630261635,0.12169827287288791,0.019809006571594952,0.24422059535985033,1.0
GSE25837,glmnet_enet,R,25,0.7532163742690059,0.02046783625731,0.5,0.0,0.4295454545454544,0.006628787878788,0.0,0.0,2.0
GSE25837,majority,R,25,0.7532163742690059,0.02046783625731,0.5,0.0,0.4295454545454544,0.006628787878788,0.0,0.0,2.0
GSE25837,rpart_tree,R,25,0.6242105263157895,0.0971245973968022,0.4905714285714287,0.0989360922016636,0.4774450592025556,0.1029606330949231,-0.0242654978885257,0.2040936013721436,4.0
GSE25837,ranger_rf,R,25,0.7360233918128657,0.0367297708812603,0.4885714285714285,0.0198848727243929,0.4237211632453567,0.0122975844005926,-0.0409167277395524,0.067661194068589,5.0
GSE25837,rrf_ranktreeensemble,R,25,0.6501754385964914,0.163677148536936,0.4878571428571428,0.1051602276023962,0.4282531227797707,0.0992429798789904,-0.0289990945721288,0.1947598035224322,6.0
GSE25837,knn_euclidean,R,25,0.6783625730994153,0.1150768380646626,0.4838571428571429,0.1036746201861781,0.4627695406496851,0.120274886797362,-0.0252868448538019,0.2646102710457137,7.0
GSE25837,svm_linear,R,25,0.612982456140351,0.0961579393709088,0.4804285714285714,0.1129813963374825,0.4697814690171198,0.1120753825770593,-0.0449826799275526,0.2297859516696686,8.0
GSE25837,pyrrm_knn5,pyrrm,25,0.683859649122807,0.0657749604957914,0.4794285714285714,0.0589401143096103,0.4472053607209335,0.0716843195688674,-0.0491657469805963,0.1779023602769954,9.0
GSE25837,xgboost_shallow,R,25,0.7122807017543862,0.0597987173573612,0.4764285714285715,0.0439590486610397,0.4217771610110318,0.0424488943831133,-0.0696098962025618,0.1142396149115813,10.0
GSE25837,py_tsp_rf,python_gene_pair,25,0.6560233918128655,0.0767549893227933,0.4392857142857142,0.054065184894598,0.3995776728832902,0.0379131203436614,-0.1537077640319709,0.1138831642740521,11.0
GSE25837,switchbox_tsp,R,25,0.4212865497076024,0.0836529897366638,0.4261428571428572,0.1322784053827845,0.3726581850939202,0.0809481000036574,-0.129359628102394,0.2481389372893797,12.0
GSE25837,py_tsp,python_gene_pair,25,0.4212865497076023,0.0836529897366639,0.4261428571428571,0.1322784053827844,0.3726581850939202,0.0809481000036575,-0.129359628102394,0.2481389372893796,13.0
GSE25837,py_reos_svm,python_gene_pair,25,0.5527485380116959,0.0981329995994581,0.3917142857142857,0.0867602353349398,0.383011097370886,0.0768852157929042,-0.222826172101322,0.1591702674569173,14.0
GSE25837,py_tsp_svm,python_gene_pair,25,0.5527485380116959,0.0981329995994581,0.3917142857142857,0.0867602353349398,0.383011097370886,0.0768852157929042,-0.222826172101322,0.1591702674569173,14.0
GSE25837,switchbox_ktsp,R,25,0.3847953216374269,0.1164860072653651,0.3854285714285714,0.1315095829518261,0.3479633961428013,0.1068279318679582,-0.2092162728959899,0.2291247708223889,16.0
GSE25837,py_reos,python_gene_pair,25,0.3673684210526315,0.107423414676974,0.3452857142857142,0.1212565307870194,0.3217188803734739,0.0927271273129612,-0.2748617086045797,0.2067687403088478,17.0
GSE27272,svm_linear,R,25,0.6403003003003005,0.0794899111416072,0.5749314685314685,0.0992574845229188,0.5706821940409781,0.1002957900851131,0.1475281966203482,0.2021680306685992,1.0
GSE27272,py_reos,python_gene_pair,25,0.4753753753753754,0.0743423325773658,0.5399244755244755,0.1157341476347822,0.4632188263758629,0.0786984143036044,0.0901259019206974,0.2332505360867866,2.0
GSE27272,ranger_rf,R,25,0.6886186186186188,0.0422678228814,0.5223580419580418,0.0488881360617103,0.4859203178638508,0.0669944761122228,0.0868876369493004,0.1641221537913082,3.0
GSE27272,rrf_ranktreeensemble,R,25,0.6643243243243246,0.0553108195947385,0.5079664335664336,0.0378553464492994,0.4527216703043793,0.0612687051296118,0.0177664612260156,0.1227656629233272,4.0
GSE27272,xgboost_shallow,R,25,0.6863063063063066,0.0380160195215488,0.5061034965034965,0.0447113417386361,0.4486819429752575,0.06956102961333,0.0151488377156792,0.1772393740040103,5.0
GSE27272,py_tsp,python_gene_pair,25,0.4873273273273273,0.0528672473914393,0.5039272727272727,0.0831390615682316,0.4575940200033115,0.055513973332889,0.010948681207185,0.1642397018988714,6.0
GSE27272,switchbox_tsp,R,25,0.4840240240240241,0.0543467495329798,0.5005398601398602,0.0824169697189104,0.4545570551684744,0.0560133515523179,0.0041638541003925,0.1626489406396778,7.0
GSE27272,majority,R,25,0.6993993993993998,0.004129129129129,0.5,0.0,0.4115534738485562,0.0014311735623209,0.0,0.0,8.0
GSE27272,glmnet_enet,R,25,0.6983183183183186,0.0062312312312311,0.4992307692307692,0.0038461538461537,0.4111745695986842,0.0021757004131964,-0.0043362909039199,0.0216814545195998,9.0
GSE27272,py_tsp_rf,python_gene_pair,25,0.6688288288288288,0.0431525627883992,0.498855944055944,0.0382814914853995,0.4528247362678351,0.0518310668916357,0.0008025614590868,0.1298213357446693,10.0
GSE27272,tspdt_bigtsp,R,25,0.5491291291291294,0.08313020269775939,0.4766881118881119,0.0819427853012134,0.47475541024840706,0.08026990937266322,-0.043080243266437515,0.16098464648502514,11.0
GSE27272,rpart_tree,R,25,0.5632732732732735,0.0655409131916292,0.4763216783216783,0.0664503659288998,0.4744328518909438,0.0655305783283537,-0.0456716560230448,0.134065659126559,12.0
GSE27272,switchbox_ktsp,R,25,0.4634834834834836,0.0697955574751482,0.4753734265734266,0.0748882206129993,0.4423211393312941,0.0669204999308602,-0.0469650258291236,0.1397788241797332,13.0
GSE27272,py_reos_svm,python_gene_pair,25,0.574894894894895,0.0716499331271238,0.4731832167832168,0.0682977441358306,0.4700333139592215,0.068693512020246,-0.0519863345573062,0.1433113792188058,14.0
GSE27272,py_tsp_svm,python_gene_pair,25,0.574894894894895,0.0716499331271238,0.4731832167832168,0.0682977441358306,0.4700333139592215,0.068693512020246,-0.0519863345573062,0.1433113792188058,14.0
GSE27272,pyrrm_knn5,pyrrm,25,0.6163963963963964,0.0596218844758179,0.4697706293706294,0.0565703741458145,0.4421695009438391,0.0618173515557106,-0.0763659664630865,0.1352167128758587,16.0
GSE27272,knn_euclidean,R,25,0.6109909909909913,0.0563724503055681,0.4638265734265734,0.0566797219880252,0.4350812006057378,0.0639899589848467,-0.0939565485551651,0.1387882797598517,17.0
GSE3365,svm_linear,R,25,0.9432,0.0499347108249126,0.9426633986928104,0.052175481301738,0.9369577284378792,0.055121016109786,0.879622054374782,0.1072320995782975,1.0
GSE3365,glmnet_enet,R,25,0.9433846153846152,0.0393286862497359,0.9416176470588234,0.0463562684257517,0.9365070723316504,0.0445122935314497,0.8797029228487472,0.0841212747544065,2.0
GSE3365,xgboost_shallow,R,25,0.8902153846153845,0.0608857694627974,0.8692810457516339,0.0795752088338057,0.8714869904183796,0.0761012885213123,0.7577630125233822,0.1383938543011607,3.0
GSE3365,py_tsp_rf,python_gene_pair,25,0.8806153846153846,0.0649259933723359,0.8664052287581699,0.0755342086446027,0.8644193517363895,0.0743847339547387,0.7391627989395901,0.1433624483556462,4.0
GSE3365,pyrrm_knn5,pyrrm,25,0.8474461538461538,0.0618847309205149,0.8653921568627451,0.06075031315182,0.8379162017864443,0.0630916101087601,0.7020178313234112,0.1141594193642853,5.0
GSE3365,ranger_rf,R,25,0.891876923076923,0.0738174623749644,0.8627941176470588,0.0940488742726588,0.8711276811865046,0.0923896999873506,0.7548112881601835,0.1753188775122332,6.0
GSE3365,py_tsp_svm,python_gene_pair,25,0.8537846153846154,0.078129614656611,0.837140522875817,0.0803568484598163,0.8355235244409068,0.0860263212496275,0.6830073891655024,0.1651760922125544,7.0
GSE3365,py_reos_svm,python_gene_pair,25,0.8521230769230769,0.0782769573455819,0.83359477124183,0.081743407917004,0.833047504303122,0.0863825101654248,0.6775733177701645,0.1674677640098419,8.0
GSE3365,switchbox_tsp,R,25,0.8110153846153847,0.0561638206806808,0.8326143790849673,0.0616360160217194,0.7999321145505067,0.0583201463405403,0.6363495549668418,0.1065381323036152,9.0
GSE3365,py_tsp,python_gene_pair,25,0.8062153846153847,0.0586560192955976,0.8264379084967319,0.0641303355051741,0.7947142311322838,0.0609820152443535,0.6249258228525312,0.1129811742824717,10.0
GSE3365,py_reos,python_gene_pair,25,0.8173538461538462,0.068482451429882,0.8258986928104575,0.0817931616861105,0.8024145983983075,0.0778610493887022,0.6295074832107412,0.1521497843381727,11.0
GSE3365,switchbox_ktsp,R,25,0.8238769230769232,0.0709197396177934,0.8255882352941177,0.0743451408233596,0.8083861590222848,0.0755995379022482,0.6375539203676587,0.1437318394315517,12.0
GSE3365,rpart_tree,R,25,0.8445538461538462,0.0662469231915502,0.8124509803921569,0.0725731857396413,0.8183687986137054,0.0750737691692391,0.6561575789272139,0.1416818676488924,13.0
GSE3365,tspdt_bigtsp,R,25,0.8316923076923076,0.061292778805727324,0.8120261437908498,0.07187111594511851,0.8087421112376671,0.07033945656891873,0.6326777482109002,0.13872578009156258,14.0
GSE3365,knn_euclidean,R,25,0.8002461538461538,0.058899640515541,0.7984640522875818,0.069579965164205,0.7823171288952964,0.0640039073740178,0.5800015304720005,0.1293612162475436,15.0
GSE3365,rrf_ranktreeensemble,R,25,0.793723076923077,0.0823602995071731,0.73781045751634,0.1055242602352591,0.734334549027711,0.1129708200955796,0.5523764289463705,0.1850896938655886,16.0
GSE3365,majority,R,25,0.6695384615384615,0.013076923076923,0.5,0.0,0.4009966777408638,0.0047065337763015,0.0,0.0,17.0
GSE6613,py_reos_svm,python_gene_pair,25,0.6228571428571429,0.1107590795201239,0.6214545454545455,0.1121840528238705,0.617859558019741,0.1119086066848937,0.2491933176595357,0.2293219080405141,1.0
GSE6613,py_tsp_svm,python_gene_pair,25,0.6228571428571429,0.1107590795201239,0.6214545454545455,0.1121840528238705,0.617859558019741,0.1119086066848937,0.2491933176595357,0.2293219080405141,1.0
GSE6613,pyrrm_knn5,pyrrm,25,0.6133333333333333,0.1200906686944618,0.6132727272727273,0.120153425793972,0.6096566709206499,0.1202559008095374,0.2315809686505848,0.2446271077529925,3.0
GSE6613,ranger_rf,R,25,0.6019047619047619,0.1157315944987821,0.5990909090909091,0.1158422267034059,0.5946389441566048,0.1173497610859386,0.2052555156635723,0.2395511829989375,4.0
GSE6613,py_reos,python_gene_pair,25,0.5885714285714285,0.0868095804055576,0.5965454545454546,0.0873476635352593,0.5732299365971295,0.0931486745495728,0.2133608985211833,0.1925444846200797,5.0
GSE6613,py_tsp_rf,python_gene_pair,25,0.5923809523809525,0.1158947576906146,0.5910909090909091,0.115316966465568,0.5871497990575255,0.1157300249927409,0.1875332210815836,0.2355082104169563,6.0
GSE6613,switchbox_ktsp,R,25,0.5828571428571427,0.0872438481502304,0.5892727272727272,0.0875111169639978,0.5698802988798143,0.0893393527471411,0.1981069582213808,0.1920850225577904,7.0
GSE6613,tspdt_bigtsp,R,25,0.5866666666666666,0.09495991118187946,0.5845454545454547,0.09525592611515107,0.5781195430709094,0.09987627538142375,0.17248384741067493,0.19693201199622565,8.0
GSE6613,knn_euclidean,R,25,0.577142857142857,0.0994314905610528,0.5761818181818182,0.09853681612591,0.5704811355483183,0.1001712540282222,0.1567049318846018,0.1989305748371193,9.0
GSE6613,svm_linear,R,25,0.5695238095238095,0.0841569278845177,0.5689090909090909,0.0849027153533982,0.5579250385710072,0.0872478105710345,0.1454522501259021,0.176075749248482,10.0
GSE6613,xgboost_shallow,R,25,0.5504761904761906,0.1108954823791019,0.5485454545454547,0.1119858929525753,0.5423311321902251,0.1157553730258511,0.0973354295524157,0.2300794143651298,11.0
GSE6613,rrf_ranktreeensemble,R,25,0.5504761904761903,0.0753926481716693,0.5483636363636364,0.0769140517061886,0.4815239207753405,0.1270791516122613,0.1063815422085735,0.1744768013605678,12.0
GSE6613,rpart_tree,R,25,0.5447619047619046,0.0992031745523793,0.5436363636363637,0.096797906541122,0.5337110198944901,0.101475131170797,0.0900779522346985,0.2004335342444091,13.0
GSE6613,switchbox_tsp,R,25,0.5085714285714285,0.0798240695916199,0.5134545454545454,0.0823267025357703,0.4925436794695512,0.0822005702396932,0.0321446062530109,0.1787131954613231,14.0
GSE6613,py_tsp,python_gene_pair,25,0.5085714285714286,0.07982406959162,0.513090909090909,0.0820107162251225,0.4939105749691696,0.0831853381623766,0.0297147972738737,0.1764558040272819,15.0
GSE6613,glmnet_enet,R,25,0.5257142857142857,0.0465758754003845,0.5107272727272728,0.0487071136499607,0.4219410357153055,0.0995676391901694,0.0207564179675549,0.1044795056889664,16.0
GSE6613,majority,R,25,0.523809523809524,0.0,0.5,0.0,0.34375,0.0,0.0,0.0,17.0
