dataset_id,column_name,n_samples,n_missing,n_unique,top_values,metadata_type
GDS2771,disease.state,192,0,3,cancer [n=97] || no cancer [n=90] || suspect cancer [n=5],GDS_columns
GDS2771,description,192,0,192,Value for GSM93997: Smoker NOT diagnosed with cancer Sample 283; src: Bronchial Epithelium [n=1] || Value for GSM94019: Smoker diagnosed with cancer Sample 57; src: Bronchial Epithelium [n=1] || Value for GSM94020: Smoker diagnosed with cancer Sample 62; src: Bronchial Epithelium [n=1] || Value for GSM94021: Smoker diagnosed with cancer Sample 130; src: Bronchial Epithelium [n=1] || Value for GSM94022: Smoker diagnosed with cancer Sample 142; src: Bronchial Epithelium [n=1] || Value for GSM94023: Smoker diagnosed with cancer Sample 139; src: Bronchial Epithelium [n=1] || Value for GSM94024: Smoker diagnosed with cancer Sample 122; src: Bronchial Epithelium [n=1] || Value for GSM94025: Smoker diagnosed with cancer Sample 136; src: Bronchial Epithelium [n=1] || Value for GSM94026: Smoker diagnosed with cancer Sample 144; src: Bronchial Epithelium [n=1] || Value for GSM94027: Smoker diagnosed with cancer Sample 133; src: Bronchial Epithelium [n=1] || Value for GSM94028: Smoker diagnosed with cancer Sample 126; src: Bronchial Epithelium [n=1] || Value for GSM94029: Smoker diagnosed with cancer Sample 123; src: Bronchial Epithelium [n=1] || Value for GSM94030: Smoker diagnosed with cancer Sample 138; src: Bronchial Epithelium [n=1] || Value for GSM94031: Smoker diagnosed with cancer Sample 146; src: Bronchial Epithelium [n=1] || Value for GSM94032: Smoker diagnosed with cancer Sample 114; src: Bronchial Epithelium [n=1],GDS_columns
GDS2771,sample,192,0,192,GSM93997 [n=1] || GSM94019 [n=1] || GSM94020 [n=1] || GSM94021 [n=1] || GSM94022 [n=1] || GSM94023 [n=1] || GSM94024 [n=1] || GSM94025 [n=1] || GSM94026 [n=1] || GSM94027 [n=1] || GSM94028 [n=1] || GSM94029 [n=1] || GSM94030 [n=1] || GSM94031 [n=1] || GSM94032 [n=1],GDS_columns
GSE10072,title,107,0,107,Lung Tumor_GT00006 [n=1] || Lung Tumor_GT00007 [n=1] || Lung Tumor_GT00022 [n=1] || Lung Tumor_GT00042 [n=1] || Lung Tumor_GT00059 [n=1] || Lung Tumor_GT00146 [n=1] || Lung Tumor_GT01001 [n=1] || Lung Tumor_GT01003 [n=1] || Lung Tumor_GT01011 [n=1] || Lung Tumor_GT01017 [n=1] || Lung Tumor_GT01019 [n=1] || Lung Tumor_GT01025 [n=1] || Lung Tumor_GT01034 [n=1] || Lung Tumor_GT01036 [n=1] || Lung Tumor_GT01038 [n=1],GSE_sample_metadata
GSE10072,source_name_ch1,107,0,2,Adenocarcinoma of the Lung [n=58] || Normal Lung Tissue [n=49],GSE_sample_metadata
GSE10072,characteristics_ch1,107,0,2,Gender: Male [n=69] || Gender: Female [n=38],GSE_sample_metadata
GSE10072,characteristics_ch1.1,107,0,31,Age at Diagnosis: 71 [n=9] || Age at Diagnosis: 67 [n=8] || Age at Diagnosis: 63 [n=7] || Age at Diagnosis: 68 [n=7] || Age at Diagnosis: 73 [n=7] || Age at Diagnosis: 59 [n=6] || Age at Diagnosis: 69 [n=6] || Age at Diagnosis: 65 [n=5] || Age at Diagnosis: 61 [n=4] || Age at Diagnosis: 62 [n=4] || Age at Diagnosis: 66 [n=4] || Age at Diagnosis: 70 [n=4] || Age at Diagnosis: 74 [n=4] || Age at Diagnosis: 60 [n=3] || Age at Diagnosis: 75 [n=3],GSE_sample_metadata
GSE10072,characteristics_ch1.2,107,0,3,Cigarette Smoking Status: Current Smoker [n=40] || Cigarette Smoking Status: Former Smoker [n=36] || Cigarette Smoking Status: Never Smoked [n=31],GSE_sample_metadata
GSE10072,characteristics_ch1.3,107,0,7,Stage:IB [n=33] || Stage:IIB [n=31] || Stage:IIIA [n=16] || Stage:IA [n=12] || Stage:IV [n=6] || Stage:IIIB [n=5] || Stage:IIA [n=4],GSE_sample_metadata
GSE10072,Age at Diagnosis:ch1,107,0,31,71 [n=9] || 67 [n=8] || 63 [n=7] || 68 [n=7] || 73 [n=7] || 59 [n=6] || 69 [n=6] || 65 [n=5] || 61 [n=4] || 62 [n=4] || 66 [n=4] || 70 [n=4] || 74 [n=4] || 60 [n=3] || 75 [n=3],GSE_sample_metadata
GSE10072,status,107,0,1,Public on Feb 20 2008 [n=107],GSE_sample_metadata
GSE10072,Cigarette Smoking Status:ch1,107,0,3,Current Smoker [n=40] || Former Smoker [n=36] || Never Smoked [n=31],GSE_sample_metadata
GSE10072,description,107,0,1,Gene expression data [n=107],GSE_sample_metadata
GSE10072,type,107,0,1,RNA [n=107],GSE_sample_metadata
GSE10072,organism_ch1,107,0,1,Homo sapiens [n=107],GSE_sample_metadata
GSE10072,sample_id,107,0,107,GSM254625 [n=1] || GSM254626 [n=1] || GSM254627 [n=1] || GSM254628 [n=1] || GSM254629 [n=1] || GSM254630 [n=1] || GSM254631 [n=1] || GSM254632 [n=1] || GSM254633 [n=1] || GSM254634 [n=1] || GSM254635 [n=1] || GSM254636 [n=1] || GSM254637 [n=1] || GSM254638 [n=1] || GSM254639 [n=1],GSE_sample_metadata
GSE10072,Gender:ch1,107,0,2,Male [n=69] || Female [n=38],GSE_sample_metadata
GSE10072,Stage:ch1,107,0,7,IB [n=33] || IIB [n=31] || IIIA [n=16] || IA [n=12] || IV [n=6] || IIIB [n=5] || IIA [n=4],GSE_sample_metadata
GSE17920,title,130,0,130,"class F, rep1 [n=1] || class F, rep10 [n=1] || class F, rep11 [n=1] || class F, rep12 [n=1] || class F, rep13 [n=1] || class F, rep14 [n=1] || class F, rep15 [n=1] || class F, rep16 [n=1] || class F, rep17 [n=1] || class F, rep18 [n=1] || class F, rep19 [n=1] || class F, rep2 [n=1] || class F, rep20 [n=1] || class F, rep21 [n=1] || class F, rep22 [n=1]",GSE_sample_metadata
GSE17920,source_name_ch1,130,0,2,Vancouver sample [n=100] || Nebraska sample [n=30],GSE_sample_metadata
GSE17920,characteristics_ch1,130,0,1,tissue type: lymphoma [n=130],GSE_sample_metadata
GSE17920,characteristics_ch1.1,130,0,1,disease status: chronic Hodgkin lymphoma [n=130],GSE_sample_metadata
GSE17920,characteristics_ch1.2,130,0,4,relapse type: _ [n=92] || relapse type: LATE [n=19] || relapse type: REFRACTORY [n=10] || relapse type: EARLY [n=9],GSE_sample_metadata
GSE17920,characteristics_ch1.3,130,0,56,age (years): 27 [n=6] || age (years): 24 [n=5] || age (years): 34 [n=5] || age (years): 38 [n=5] || age (years): 20 [n=4] || age (years): 23 [n=4] || age (years): 25 [n=4] || age (years): 32 [n=4] || age (years): 36 [n=4] || age (years): 52 [n=4] || age (years): 16 [n=3] || age (years): 17 [n=3] || age (years): 21 [n=3] || age (years): 22 [n=3] || age (years): 31 [n=3],GSE_sample_metadata
GSE17920,characteristics_ch1.4,130,0,3,sex: M [n=73] || sex: F [n=56] || sex: f [n=1],GSE_sample_metadata
GSE17920,characteristics_ch1.5,130,0,4,disease stage: 2 [n=67] || disease stage: 3 [n=29] || disease stage: 4 [n=18] || disease stage: 1 [n=16],GSE_sample_metadata
GSE17920,characteristics_ch1.6,130,0,29,albumin level: _ [n=29] || albumin level: 41 [n=10] || albumin level: 38 [n=9] || albumin level: 36 [n=7] || albumin level: 37 [n=6] || albumin level: 45 [n=6] || albumin level: 48 [n=6] || albumin level: 39 [n=5] || albumin level: 42 [n=5] || albumin level: 43 [n=5] || albumin level: 47 [n=5] || albumin level: 34 [n=4] || albumin level: 40 [n=4] || albumin level: 44 [n=4] || albumin level: 0 [n=3],GSE_sample_metadata
GSE17920,characteristics_ch1.7,130,0,64,hemoglobin level: _ [n=7] || hemoglobin level: 123 [n=5] || hemoglobin level: 124 [n=5] || hemoglobin level: 129 [n=5] || hemoglobin level: 130 [n=4] || hemoglobin level: 95 [n=4] || hemoglobin level: 110 [n=3] || hemoglobin level: 113 [n=3] || hemoglobin level: 114 [n=3] || hemoglobin level: 118 [n=3] || hemoglobin level: 122 [n=3] || hemoglobin level: 126 [n=3] || hemoglobin level: 134 [n=3] || hemoglobin level: 138 [n=3] || hemoglobin level: 139 [n=3],GSE_sample_metadata
GSE17920,characteristics_ch1.8,130,0,39,lymphocyte percentage: 17 [n=10] || lymphocyte percentage: 18 [n=9] || lymphocyte percentage: 10 [n=7] || lymphocyte percentage: 12 [n=6] || lymphocyte percentage: 16 [n=6] || lymphocyte percentage: 20 [n=6] || lymphocyte percentage: 23 [n=6] || lymphocyte percentage: 7 [n=6] || lymphocyte percentage: 9 [n=6] || lymphocyte percentage: _ [n=5] || lymphocyte percentage: 21 [n=5] || lymphocyte percentage: 6 [n=5] || lymphocyte percentage: 100 [n=4] || lymphocyte percentage: 11 [n=4] || lymphocyte percentage: 13 [n=4],GSE_sample_metadata
GSE17920,characteristics_ch1.9,130,0,78,white blood count: _ [n=7] || white blood count: 10.8 [n=6] || white blood count: 7.1 [n=4] || white blood count: 9.5 [n=4] || white blood count: 9.8 [n=4] || white blood count: 9.9 [n=4] || white blood count: 10 [n=3] || white blood count: 6.8 [n=3] || white blood count: 7.6 [n=3] || white blood count: 8.2 [n=3] || white blood count: 1.4 [n=2] || white blood count: 10.4 [n=2] || white blood count: 10.5 [n=2] || white blood count: 11.2 [n=2] || white blood count: 11.7 [n=2],GSE_sample_metadata
GSE17920,characteristics_ch1.10,130,0,12,international prognostic score (ips): 2 [n=37] || international prognostic score (ips): 1 [n=21] || international prognostic score (ips): 3 [n=21] || international prognostic score (ips): 2.3 [n=14] || international prognostic score (ips): 4 [n=11] || international prognostic score (ips): 3.5 [n=7] || international prognostic score (ips): 4.7 [n=5] || international prognostic score (ips): 5 [n=5] || international prognostic score (ips): 1.2 [n=3] || international prognostic score (ips): 6 [n=3] || international prognostic score (ips): 0 [n=2] || international prognostic score (ips): 7 [n=1],GSE_sample_metadata
GSE17920,disease stage:ch1,130,0,4,2 [n=67] || 3 [n=29] || 4 [n=18] || 1 [n=16],GSE_sample_metadata
GSE17920,disease status:ch1,130,0,1,chronic Hodgkin lymphoma [n=130],GSE_sample_metadata
GSE17920,status,130,0,1,Public on Mar 01 2010 [n=130],GSE_sample_metadata
GSE17920,tissue type:ch1,130,0,1,lymphoma [n=130],GSE_sample_metadata
GSE17920,description,130,0,130,NEB_1.CEL [n=1] || NEB_10.CEL [n=1] || NEB_1060.CEL [n=1] || NEB_1061.CEL [n=1] || NEB_1062.CEL [n=1] || NEB_1064.CEL [n=1] || NEB_1065.CEL [n=1] || NEB_1068.CEL [n=1] || NEB_1069.CEL [n=1] || NEB_1070.CEL [n=1] || NEB_1072.CEL [n=1] || NEB_1073.CEL [n=1] || NEB_1074.CEL [n=1] || NEB_11.CEL [n=1] || NEB_12.CEL [n=1],GSE_sample_metadata
GSE17920,type,130,0,1,RNA [n=130],GSE_sample_metadata
GSE17920,relapse type:ch1,130,0,4,_ [n=92] || LATE [n=19] || REFRACTORY [n=10] || EARLY [n=9],GSE_sample_metadata
GSE17920,organism_ch1,130,0,1,Homo sapiens [n=130],GSE_sample_metadata
GSE17920,sample_id,130,0,130,GSM447610 [n=1] || GSM447611 [n=1] || GSM447612 [n=1] || GSM447613 [n=1] || GSM447614 [n=1] || GSM447615 [n=1] || GSM447616 [n=1] || GSM447617 [n=1] || GSM447618 [n=1] || GSM447619 [n=1] || GSM447620 [n=1] || GSM447621 [n=1] || GSM447622 [n=1] || GSM447623 [n=1] || GSM447624 [n=1],GSE_sample_metadata
GSE17920,albumin level:ch1,130,0,29,_ [n=29] || 41 [n=10] || 38 [n=9] || 36 [n=7] || 37 [n=6] || 45 [n=6] || 48 [n=6] || 39 [n=5] || 42 [n=5] || 43 [n=5] || 47 [n=5] || 34 [n=4] || 40 [n=4] || 44 [n=4] || 0 [n=3],GSE_sample_metadata
GSE17920,sex:ch1,130,0,3,M [n=73] || F [n=56] || f [n=1],GSE_sample_metadata
GSE19804,title,120,0,120,Lung Cancer 102T [n=1] || Lung Cancer 103T [n=1] || Lung Cancer 106T [n=1] || Lung Cancer 109T [n=1] || Lung Cancer 114T [n=1] || Lung Cancer 115T [n=1] || Lung Cancer 116T [n=1] || Lung Cancer 117T [n=1] || Lung Cancer 118T [n=1] || Lung Cancer 119T [n=1] || Lung Cancer 120T [n=1] || Lung Cancer 121T [n=1] || Lung Cancer 122T [n=1] || Lung Cancer 123T [n=1] || Lung Cancer 124T [n=1],GSE_sample_metadata
GSE19804,source_name_ch1,120,0,2,frozen tissue of adjacent normal [n=60] || frozen tissue of primary tumor [n=60],GSE_sample_metadata
GSE19804,characteristics_ch1,120,0,2,tissue: lung cancer [n=60] || tissue: paired normal adjacent [n=60],GSE_sample_metadata
GSE19804,characteristics_ch1.1,120,0,1,gender: female [n=120],GSE_sample_metadata
GSE19804,characteristics_ch1.2,120,0,32,age: 59 [n=10] || age: 55 [n=8] || age: 76 [n=8] || age: 57 [n=6] || age: 61 [n=6] || age: 62 [n=6] || age: 48 [n=4] || age: 51 [n=4] || age: 53 [n=4] || age: 56 [n=4] || age: 64 [n=4] || age: 65 [n=4] || age: 68 [n=4] || age: 69 [n=4] || age: 70 [n=4],GSE_sample_metadata
GSE19804,characteristics_ch1.3,120,0,10,stage: n/a [n=60] || stage: 1B [n=19] || stage: 1A [n=15] || stage: 3A [n=8] || stage: 2B [n=7] || stage: 2A [n=4] || stage: 3B [n=4] || stage: 1 [n=1] || stage: 2 [n=1] || stage: 4 [n=1],GSE_sample_metadata
GSE19804,status,120,0,1,Public on Jan 30 2011 [n=120],GSE_sample_metadata
GSE19804,tissue:ch1,120,0,2,lung cancer [n=60] || paired normal adjacent [n=60],GSE_sample_metadata
GSE19804,description,120,0,120,Gene expression data from 102N [n=1] || Gene expression data from 102T [n=1] || Gene expression data from 103N [n=1] || Gene expression data from 103T [n=1] || Gene expression data from 106N [n=1] || Gene expression data from 106T [n=1] || Gene expression data from 109N [n=1] || Gene expression data from 109T [n=1] || Gene expression data from 114N [n=1] || Gene expression data from 114T [n=1] || Gene expression data from 115N [n=1] || Gene expression data from 115T [n=1] || Gene expression data from 116N [n=1] || Gene expression data from 116T [n=1] || Gene expression data from 117N [n=1],GSE_sample_metadata
GSE19804,type,120,0,1,RNA [n=120],GSE_sample_metadata
GSE19804,organism_ch1,120,0,1,Homo sapiens [n=120],GSE_sample_metadata
GSE19804,sample_id,120,0,120,GSM494556 [n=1] || GSM494557 [n=1] || GSM494558 [n=1] || GSM494559 [n=1] || GSM494560 [n=1] || GSM494561 [n=1] || GSM494562 [n=1] || GSM494563 [n=1] || GSM494564 [n=1] || GSM494565 [n=1] || GSM494566 [n=1] || GSM494567 [n=1] || GSM494568 [n=1] || GSM494569 [n=1] || GSM494570 [n=1],GSE_sample_metadata
GSE19804,stage:ch1,120,0,10,n/a [n=60] || 1B [n=19] || 1A [n=15] || 3A [n=8] || 2B [n=7] || 2A [n=4] || 3B [n=4] || 1 [n=1] || 2 [n=1] || 4 [n=1],GSE_sample_metadata
GSE25837,title,93,0,93,Lonely 5392306004_C [n=1] || Lonely 5392306004_E [n=1] || Lonely 5392306004_H [n=1] || Lonely 5392306037_A [n=1] || Lonely 5392306037_E [n=1] || Lonely 5392306044_A [n=1] || Lonely 5392306056_A [n=1] || Lonely 5392306056_B [n=1] || Lonely 5392306056_D [n=1] || Lonely 5392306059_H [n=1] || Lonely 5412581001_B [n=1] || Lonely 5412581001_D [n=1] || Lonely 5412581001_G [n=1] || Lonely 5412581020_B [n=1] || Lonely 5412581020_C [n=1],GSE_sample_metadata
GSE25837,source_name_ch1,93,0,1,Peripheral blood mononuclear cells [n=93],GSE_sample_metadata
GSE25837,characteristics_ch1,93,0,2,lonely: 0 [n=70] || lonely: 1 [n=23],GSE_sample_metadata
GSE25837,characteristics_ch1.1,93,0,18,age: 58 [n=10] || age: 53 [n=9] || age: 55 [n=9] || age: 64 [n=7] || age: 51 [n=6] || age: 52 [n=6] || age: 57 [n=6] || age: 65 [n=6] || age: 56 [n=5] || age: 59 [n=5] || age: 50 [n=4] || age: 60 [n=4] || age: 61 [n=4] || age: 63 [n=4] || age: 54 [n=3],GSE_sample_metadata
GSE25837,characteristics_ch1.2,93,0,2,female: 1 [n=51] || female: 0 [n=42],GSE_sample_metadata
GSE25837,characteristics_ch1.3,93,0,2,black: 0 [n=60] || black: 1 [n=33],GSE_sample_metadata
GSE25837,characteristics_ch1.4,93,0,2,hispanic: 0 [n=69] || hispanic: 1 [n=24],GSE_sample_metadata
GSE25837,characteristics_ch1.5,93,0,2,married: 1 [n=59] || married: 0 [n=34],GSE_sample_metadata
GSE25837,characteristics_ch1.6,93,0,15,logincome: 11.04292184 [n=19] || logincome: 11.37939407 [n=18] || logincome: 10.71441777 [n=17] || logincome: 11.91839057 [n=10] || logincome: 10.1266311 [n=7] || logincome: 10.46310334 [n=7] || logincome: 9.433483923 [n=4] || logincome: 9.76995616 [n=3] || logincome: 12.54472821 [n=2] || logincome: 10.76238493 [n=1] || logincome: 10.81040449 [n=1] || logincome: 11.13792263 [n=1] || logincome: 11.20428513 [n=1] || logincome: 6.951772164 [n=1] || logincome: 8.740336743 [n=1],GSE_sample_metadata
GSE25837,characteristics_ch1.7,93,0,90,bmi: missing [n=3] || bmi: 32.44426346 [n=2] || bmi: 20.90592384 [n=1] || bmi: 21.44435501 [n=1] || bmi: 21.79711914 [n=1] || bmi: 22.67170525 [n=1] || bmi: 22.8156662 [n=1] || bmi: 23.44790459 [n=1] || bmi: 23.64735985 [n=1] || bmi: 23.85668945 [n=1] || bmi: 24.2960186 [n=1] || bmi: 24.43084335 [n=1] || bmi: 24.58662415 [n=1] || bmi: 24.61083412 [n=1] || bmi: 24.65889549 [n=1],GSE_sample_metadata
GSE25837,characteristics_ch1.8,93,0,41,granpct: 58 [n=8] || granpct: 63 [n=8] || granpct: 59 [n=5] || granpct: 65 [n=5] || granpct: 54 [n=4] || granpct: 61 [n=4] || granpct: 62 [n=4] || granpct: 67 [n=4] || granpct: 52 [n=3] || granpct: 57 [n=3] || granpct: 68 [n=3] || granpct: 69 [n=3] || granpct: 70 [n=3] || granpct: 83 [n=3] || granpct: 47 [n=2],GSE_sample_metadata
GSE25837,characteristics_ch1.9,93,0,31,lymphpct: 23 [n=7] || lymphpct: 30 [n=6] || lymphpct: 18 [n=5] || lymphpct: 22 [n=5] || lymphpct: 27 [n=5] || lymphpct: 29 [n=5] || lymphpct: 32 [n=5] || lymphpct: 37 [n=5] || lymphpct: 19 [n=4] || lymphpct: 25 [n=4] || lymphpct: 26 [n=4] || lymphpct: 35 [n=4] || lymphpct: 36 [n=4] || lymphpct: 13 [n=3] || lymphpct: 24 [n=3],GSE_sample_metadata
GSE25837,characteristics_ch1.10,93,0,11,monopct: 9 [n=19] || monopct: 8 [n=16] || monopct: 6 [n=15] || monopct: 7 [n=11] || monopct: 5 [n=9] || monopct: 10 [n=7] || monopct: 11 [n=7] || monopct: 12 [n=3] || monopct: 3 [n=3] || monopct: 14 [n=2] || monopct: missing [n=1],GSE_sample_metadata
GSE25837,status,93,0,1,Public on Mar 16 2011 [n=93],GSE_sample_metadata
GSE25837,description,93,0,93,5262667043_A.AVG_Signal [n=1] || 5262667043_B.AVG_Signal [n=1] || 5262667043_C.AVG_Signal [n=1] || 5262667043_D.AVG_Signal [n=1] || 5262667043_E.AVG_Signal [n=1] || 5262667043_F.AVG_Signal [n=1] || 5262667043_G.AVG_Signal [n=1] || 5262667043_H.AVG_Signal [n=1] || 5392306004_A.AVG_Signal [n=1] || 5392306004_B.AVG_Signal [n=1] || 5392306004_C.AVG_Signal [n=1] || 5392306004_D.AVG_Signal [n=1] || 5392306004_E.AVG_Signal [n=1] || 5392306004_F.AVG_Signal [n=1] || 5392306004_G.AVG_Signal [n=1],GSE_sample_metadata
GSE25837,type,93,0,1,RNA [n=93],GSE_sample_metadata
GSE25837,organism_ch1,93,0,1,Homo sapiens [n=93],GSE_sample_metadata
GSE25837,sample_id,93,0,93,GSM634633 [n=1] || GSM634634 [n=1] || GSM634635 [n=1] || GSM634636 [n=1] || GSM634637 [n=1] || GSM634638 [n=1] || GSM634639 [n=1] || GSM634640 [n=1] || GSM634641 [n=1] || GSM634642 [n=1] || GSM634643 [n=1] || GSM634644 [n=1] || GSM634645 [n=1] || GSM634646 [n=1] || GSM634647 [n=1],GSE_sample_metadata
GSE25837,monopct:ch1,93,0,11,9 [n=19] || 8 [n=16] || 6 [n=15] || 7 [n=11] || 5 [n=9] || 10 [n=7] || 11 [n=7] || 12 [n=3] || 3 [n=3] || 14 [n=2] || missing [n=1],GSE_sample_metadata
GSE27272,title,183,0,183,non-smoker 302D [n=1] || non-smoker 302M [n=1] || non-smoker 302PL [n=1] || non-smoker 305D [n=1] || non-smoker 305M [n=1] || non-smoker 305PL [n=1] || non-smoker 306D [n=1] || non-smoker 306M [n=1] || non-smoker 307D [n=1] || non-smoker 307M [n=1] || non-smoker 308D [n=1] || non-smoker 308M [n=1] || non-smoker 308PL [n=1] || non-smoker 311D [n=1] || non-smoker 311M [n=1],GSE_sample_metadata
GSE27272,source_name_ch1,183,0,6,"maternal peripheral blood, non-smoker [n=46] || cord blood, non-smoker [n=45] || term placenta, non-smoker [n=37] || cord blood, smoker [n=19] || maternal peripheral blood, smoker [n=19] || term placenta, smoker [n=17]",GSE_sample_metadata
GSE27272,characteristics_ch1,183,0,3,tissue: maternal peripheral blood [n=65] || tissue: cord blood [n=64] || tissue: term placenta [n=54],GSE_sample_metadata
GSE27272,characteristics_ch1.1,183,0,2,smoking status: non-smoker [n=128] || smoking status: smoker [n=55],GSE_sample_metadata
GSE27272,characteristics_ch1.2,183,0,85,age (years): 32 [n=18] || age (years): 35 [n=12] || age (years): 28 [n=11] || age (years): 29 [n=11] || age (years): 33 [n=11] || age (years): 27 [n=10] || age (years): 31 [n=10] || age (years): 22 [n=6] || age (years): 25 [n=4] || age (years): 30 [n=4] || age (years): 36 [n=4] || age (years): 39 [n=4] || age (years): 18 [n=2] || age (years): 20 [n=2] || age (years): 34 [n=2],GSE_sample_metadata
GSE27272,characteristics_ch1.3,183,0,76,maternal bmi: 21 [n=26] || maternal bmi: 25 [n=17] || maternal bmi: 23 [n=14] || maternal bmi: 22 [n=13] || maternal bmi: 20 [n=9] || maternal bmi: 19 [n=8] || maternal bmi: 26 [n=8] || maternal bmi: 24 [n=6] || maternal bmi: 18 [n=4] || maternal bmi: 30 [n=4] || maternal bmi: 21.484375 [n=3] || maternal bmi: 17 [n=2] || maternal bmi: 21.3839419960573 [n=2] || maternal bmi: 23.3843537414966 [n=2] || maternal bmi: 25.1807851239669 [n=2],GSE_sample_metadata
GSE27272,characteristics_ch1.4,183,0,7,parity: 1 [n=58] || parity: 2 [n=53] || parity: 3 [n=39] || parity: 4 [n=20] || parity: 5 [n=6] || parity: 6 [n=5] || parity: 7 [n=2],GSE_sample_metadata
GSE27272,characteristics_ch1.5,183,0,5,gestational age (weeks): 40 [n=80] || gestational age (weeks): 39 [n=44] || gestational age (weeks): 41 [n=24] || gestational age (weeks): 38 [n=23] || gestational age (weeks): 37 [n=12],GSE_sample_metadata
GSE27272,characteristics_ch1.6,183,0,1,mode of delivery: vaginal [n=183],GSE_sample_metadata
GSE27272,characteristics_ch1.7,183,0,28,placental weight (g): 500 [n=26] || placental weight (g): 600 [n=19] || placental weight (g): 520 [n=13] || placental weight (g): 580 [n=12] || placental weight (g): 450 [n=10] || placental weight (g): 540 [n=9] || placental weight (g): 400 [n=8] || placental weight (g): 460 [n=8] || placental weight (g): 480 [n=8] || placental weight (g): 650 [n=7] || placental weight (g): 380 [n=6] || placental weight (g): 440 [n=6] || placental weight (g): 640 [n=6] || placental weight (g): 620 [n=5] || placental weight (g): 560 [n=4],GSE_sample_metadata
GSE27272,characteristics_ch1.8,183,0,51,newborn weight (g): 3700 [n=10] || newborn weight (g): 3200 [n=9] || newborn weight (g): 2760 [n=6] || newborn weight (g): 2980 [n=6] || newborn weight (g): 3120 [n=6] || newborn weight (g): 3480 [n=6] || newborn weight (g): 3510 [n=6] || newborn weight (g): 3880 [n=6] || newborn weight (g): 2920 [n=5] || newborn weight (g): 3310 [n=5] || newborn weight (g): 3400 [n=5] || newborn weight (g): 3440 [n=5] || newborn weight (g): 2970 [n=4] || newborn weight (g): 3800 [n=4] || newborn weight (g): 4350 [n=4],GSE_sample_metadata
GSE27272,characteristics_ch1.9,183,0,3,apgar score (5s): 10 [n=178] || apgar score (5s): 9 [n=4] || apgar score (5s): 8 [n=1],GSE_sample_metadata
GSE27272,characteristics_ch1.10,183,0,103,maternal blood cotinine (ng/ml): 0.13 [n=12] || maternal blood cotinine (ng/ml): 0.15 [n=11] || maternal blood cotinine (ng/ml): 0.25 [n=8] || maternal blood cotinine (ng/ml): 0.10 [n=6] || maternal blood cotinine (ng/ml): 0.12 [n=6] || maternal blood cotinine (ng/ml): 0.19 [n=6] || maternal blood cotinine (ng/ml): 0.14 [n=5] || maternal blood cotinine (ng/ml): 0.08 [n=4] || maternal blood cotinine (ng/ml): 0.28 [n=4] || maternal blood cotinine (ng/ml): 0.16 [n=3] || maternal blood cotinine (ng/ml): 0.23 [n=3] || maternal blood cotinine (ng/ml): 2.39 [n=3] || maternal blood cotinine (ng/ml): 0.06 [n=2] || maternal blood cotinine (ng/ml): 0.09 [n=2] || maternal blood cotinine (ng/ml): 0.18 [n=2],GSE_sample_metadata
GSE27272,characteristics_ch1.11,183,0,108,cord blood cotinine (ng/ml): 0.18 [n=8] || cord blood cotinine (ng/ml): 0.14 [n=6] || cord blood cotinine (ng/ml): 0.25 [n=6] || cord blood cotinine (ng/ml): 0.28 [n=6] || cord blood cotinine (ng/ml): 0.16 [n=5] || cord blood cotinine (ng/ml): 0.17 [n=5] || cord blood cotinine (ng/ml): 0.11 [n=4] || cord blood cotinine (ng/ml): 0.13 [n=4] || cord blood cotinine (ng/ml): 0.20 [n=4] || cord blood cotinine (ng/ml): 0.09 [n=3] || cord blood cotinine (ng/ml): 0.15 [n=3] || cord blood cotinine (ng/ml): 0.21 [n=3] || cord blood cotinine (ng/ml): 0.33 [n=3] || cord blood cotinine (ng/ml): 0.37 [n=3] || cord blood cotinine (ng/ml): 19.29 [n=3],GSE_sample_metadata
GSE27272,characteristics_ch1.12,183,0,69,individual: 302 [n=3] || individual: 303 [n=3] || individual: 305 [n=3] || individual: 308 [n=3] || individual: 313 [n=3] || individual: 314 [n=3] || individual: 315 [n=3] || individual: 316 [n=3] || individual: 317 [n=3] || individual: 318 [n=3] || individual: 320 [n=3] || individual: 322 [n=3] || individual: 324 [n=3] || individual: 327 [n=3] || individual: 328 [n=3],GSE_sample_metadata
GSE27272,status,183,0,1,Public on Apr 01 2011 [n=183],GSE_sample_metadata
GSE27272,smoking status:ch1,183,0,2,non-smoker [n=128] || smoker [n=55],GSE_sample_metadata
GSE27272,tissue:ch1,183,0,3,maternal peripheral blood [n=65] || cord blood [n=64] || term placenta [n=54],GSE_sample_metadata
GSE27272,description,183,0,183,302D [n=1] || 302M [n=1] || 302PL [n=1] || 303D [n=1] || 303M [n=1] || 303PL [n=1] || 305D [n=1] || 305M [n=1] || 305PL [n=1] || 306D [n=1] || 306M [n=1] || 307D [n=1] || 307M [n=1] || 308D [n=1] || 308M [n=1],GSE_sample_metadata
GSE27272,description.1,183,0,2, [n=129] || Middle part of the placenta villi parenchyma sections; 5-cm away from the site of cord ins... [n=54],GSE_sample_metadata
GSE27272,type,183,0,1,RNA [n=183],GSE_sample_metadata
GSE27272,organism_ch1,183,0,1,Homo sapiens [n=183],GSE_sample_metadata
GSE27272,sample_id,183,0,183,GSM674181 [n=1] || GSM674182 [n=1] || GSM674183 [n=1] || GSM674184 [n=1] || GSM674185 [n=1] || GSM674186 [n=1] || GSM674187 [n=1] || GSM674188 [n=1] || GSM674189 [n=1] || GSM674190 [n=1] || GSM674191 [n=1] || GSM674192 [n=1] || GSM674193 [n=1] || GSM674194 [n=1] || GSM674195 [n=1],GSE_sample_metadata
GSE27272,extract_protocol_ch1,183,0,3,Peripheral blood was sampled and processed using the LeukoLOCK™ Total RNA Isolation System... [n=65] || Umbilical cord blood was sampled and processed using the LeukoLOCK™ Total RNA Isolation Sy... [n=64] || The middle parts of placenta sections were frozen in RNA Later solution (Ambion) and store... [n=54],GSE_sample_metadata
GSE3365,title,127,0,127,"Crohn's Disease subject (20 year old black male, SAK_1259851809) [n=1] || Crohn's Disease subject (20 year old caucasian female, SAK_1287906498) [n=1] || Crohn's Disease subject (21 year old caucasian female, SAK_1261327175) [n=1] || Crohn's Disease subject (21 year old caucasian male, SAK_1260634232) [n=1] || Crohn's Disease subject (22 year old black female, SAK_1259740044) [n=1] || Crohn's Disease subject (22 year old caucasian female, SAK_1316756241) [n=1] || Crohn's Disease subject (23 year old caucasian male, SAK_1316577485) [n=1] || Crohn's Disease subject (27 year old caucasian female, SAK_1275500386) [n=1] || Crohn's Disease subject (27 year old caucasian male, SAK_1313693880) [n=1] || Crohn's Disease subject (28 year old black male, SAK_1313738586) [n=1] || Crohn's Disease subject (28 year old caucasian female, SAK_1316711535) [n=1] || Crohn's Disease subject (29 year old caucasian female, SAK_1280865117) [n=1] || Crohn's Disease subject (31 year old caucasian female, SAK_1313134987) [n=1] || Crohn's Disease subject (31 year old caucasian male, SAK_1315951533) [n=1] || Crohn's Disease subject (32 year old caucasian male, SAK_1287459252) [n=1]",GSE_sample_metadata
GSE3365,source_name_ch1,127,0,3,PBMCs from Crohn's Disease subject [n=59] || PBMCs from Normal subject [n=42] || PBMCs from Ulcerative Colitis subject [n=26],GSE_sample_metadata
GSE3365,status,127,0,1,Public on Sep 26 2005 [n=127],GSE_sample_metadata
GSE3365,description,127,0,3,PBMCs from Crohn's Disease subject [n=59] || PBMCs from Normal subject [n=42] || PBMCs from Ulcerative Colitis subject [n=26],GSE_sample_metadata
GSE3365,description.1,127,0,3,Subject Disease : Crohn's Disease [n=59] || Subject Disease : Normal [n=42] || Subject Disease : Ulcerative Colitis [n=26],GSE_sample_metadata
GSE3365,description.2,127,0,45,Subject Age : 47 [n=9] || Subject Age : 42 [n=8] || Subject Age : 33 [n=7] || Subject Age : 54 [n=6] || Subject Age : 27 [n=5] || Subject Age : 31 [n=5] || Subject Age : 41 [n=5] || Subject Age : 46 [n=5] || Subject Age : 34 [n=4] || Subject Age : 40 [n=4] || Subject Age : 49 [n=4] || Subject Age : 56 [n=4] || Subject Age : 28 [n=3] || Subject Age : 39 [n=3] || Subject Age : 45 [n=3],GSE_sample_metadata
GSE3365,description.3,127,0,5,Subject Race : CAUCASIAN [n=113] || Subject Race : BLACK [n=10] || Subject Race : HISPANIC [n=2] || Subject Race : ASIAN [n=1] || Subject Race : INDIAN [n=1],GSE_sample_metadata
GSE3365,description.4,127,0,2,Subject Gender : FEMALE [n=74] || Subject Gender : MALE [n=53],GSE_sample_metadata
GSE3365,type,127,0,1,RNA [n=127],GSE_sample_metadata
GSE3365,organism_ch1,127,0,1,Homo sapiens [n=127],GSE_sample_metadata
GSE3365,sample_id,127,0,127,GSM76030 [n=1] || GSM76031 [n=1] || GSM76032 [n=1] || GSM76033 [n=1] || GSM76034 [n=1] || GSM76035 [n=1] || GSM76036 [n=1] || GSM76037 [n=1] || GSM76038 [n=1] || GSM76039 [n=1] || GSM76040 [n=1] || GSM76041 [n=1] || GSM76042 [n=1] || GSM76043 [n=1] || GSM76044 [n=1],GSE_sample_metadata
GSE6613,title,105,0,105,healthy control sample x004 [n=1] || healthy control sample x005 [n=1] || healthy control sample x027 [n=1] || healthy control sample x044a [n=1] || healthy control sample x050 [n=1] || healthy control sample x058 [n=1] || healthy control sample x062 [n=1] || healthy control sample x072 [n=1] || healthy control sample x097 [n=1] || healthy control sample x112 [n=1] || healthy control sample x117 [n=1] || healthy control sample x120 [n=1] || healthy control sample x121 [n=1] || healthy control sample x169 [n=1] || healthy control sample x171 [n=1],GSE_sample_metadata
GSE6613,source_name_ch1,105,0,1,whole blood [n=105],GSE_sample_metadata
GSE6613,characteristics_ch1,105,0,3,Parkinson's disease [n=50] || neurological disease control [n=33] || healthy control [n=22],GSE_sample_metadata
GSE6613,status,105,0,1,Public on Dec 30 2006 [n=105],GSE_sample_metadata
GSE6613,description,105,0,7,Whole blood from a patient with Parkinson's disease [n=50] || Whole blood from a patient with Alzheimer's disease [n=23] || Whole blood from a healthy control [n=22] || Whole blood from a patient with progressive supranuclear palsy [n=6] || Whole blood from a patient with multiple system atrophy [n=2] || Whole blood from a patient with corticobasal degeneration [n=1] || Whole blood from a patient with essential tremor [n=1],GSE_sample_metadata
GSE6613,type,105,0,1,RNA [n=105],GSE_sample_metadata
GSE6613,organism_ch1,105,0,1,Homo sapiens [n=105],GSE_sample_metadata
GSE6613,sample_id,105,0,105,GSM153404 [n=1] || GSM153405 [n=1] || GSM153406 [n=1] || GSM153407 [n=1] || GSM153408 [n=1] || GSM153409 [n=1] || GSM153410 [n=1] || GSM153411 [n=1] || GSM153412 [n=1] || GSM153413 [n=1] || GSM153414 [n=1] || GSM153415 [n=1] || GSM153416 [n=1] || GSM153417 [n=1] || GSM153418 [n=1],GSE_sample_metadata
